timestamp,heart_rate,steps,sleep
2025-04-10 09:00:00+00:00,63.0,528.0,0.0
2025-04-10 09:01:00+00:00,,,
2025-04-10 09:02:00+00:00,,,
2025-04-10 09:03:00+00:00,,,
2025-04-10 09:04:00+00:00,,,
2025-04-10 09:05:00+00:00,71.0,330.0,0.0
2025-04-10 09:06:00+00:00,,,
2025-04-10 09:07:00+00:00,,,
2025-04-10 09:08:00+00:00,,,
2025-04-10 09:09:00+00:00,,,
2025-04-10 09:10:00+00:00,131.0,858.0,0.0
2025-04-10 09:11:00+00:00,,,
2025-04-10 09:12:00+00:00,,,
2025-04-10 09:13:00+00:00,,,
2025-04-10 09:14:00+00:00,,,
2025-04-10 09:15:00+00:00,157.0,732.0,0.0
2025-04-10 09:16:00+00:00,,,
2025-04-10 09:17:00+00:00,,,
2025-04-10 09:18:00+00:00,,,
2025-04-10 09:19:00+00:00,,,
2025-04-10 09:20:00+00:00,73.0,667.0,0.0
2025-04-10 09:21:00+00:00,,,
2025-04-10 09:22:00+00:00,,,
2025-04-10 09:23:00+00:00,,,
2025-04-10 09:24:00+00:00,,,
2025-04-10 09:25:00+00:00,128.0,865.0,0.0
2025-04-10 09:26:00+00:00,,,
2025-04-10 09:27:00+00:00,,,
2025-04-10 09:28:00+00:00,,,
2025-04-10 09:29:00+00:00,,,
2025-04-10 09:30:00+00:00,133.0,977.0,0.0
2025-04-10 09:31:00+00:00,,,
2025-04-10 09:32:00+00:00,,,
2025-04-10 09:33:00+00:00,,,
2025-04-10 09:34:00+00:00,,,
2025-04-10 09:35:00+00:00,170.0,764.0,0.0
2025-04-10 09:36:00+00:00,,,
2025-04-10 09:37:00+00:00,,,
2025-04-10 09:38:00+00:00,,,
2025-04-10 09:39:00+00:00,,,
2025-04-10 09:40:00+00:00,149.0,923.0,0.0
2025-04-10 09:41:00+00:00,,,
2025-04-10 09:42:00+00:00,,,
2025-04-10 09:43:00+00:00,,,
2025-04-10 09:44:00+00:00,,,
2025-04-10 09:45:00+00:00,108.0,870.0,0.0
2025-04-10 09:46:00+00:00,,,
2025-04-10 09:47:00+00:00,,,
2025-04-10 09:48:00+00:00,,,
2025-04-10 09:49:00+00:00,,,
2025-04-10 09:50:00+00:00,89.0,710.0,0.0
2025-04-10 09:51:00+00:00,,,
2025-04-10 09:52:00+00:00,,,
2025-04-10 09:53:00+00:00,,,
2025-04-10 09:54:00+00:00,,,
2025-04-10 09:55:00+00:00,172.0,971.0,0.0
2025-04-10 09:56:00+00:00,,,
2025-04-10 09:57:00+00:00,,,
2025-04-10 09:58:00+00:00,,,
2025-04-10 09:59:00+00:00,,,
2025-04-10 10:00:00+00:00,78.0,874.0,0.0
2025-04-10 10:01:00+00:00,,,
2025-04-10 10:02:00+00:00,,,
2025-04-10 10:03:00+00:00,,,
2025-04-10 10:04:00+00:00,,,
2025-04-10 10:05:00+00:00,111.0,821.0,0.0
2025-04-10 10:06:00+00:00,,,
2025-04-10 10:07:00+00:00,,,
2025-04-10 10:08:00+00:00,,,
2025-04-10 10:09:00+00:00,,,
2025-04-10 10:10:00+00:00,79.0,732.0,0.0
2025-04-10 10:11:00+00:00,,,
2025-04-10 10:12:00+00:00,,,
2025-04-10 10:13:00+00:00,,,
2025-04-10 10:14:00+00:00,,,
2025-04-10 10:15:00+00:00,127.0,996.0,0.0
2025-04-10 10:16:00+00:00,,,
2025-04-10 10:17:00+00:00,,,
2025-04-10 10:18:00+00:00,,,
2025-04-10 10:19:00+00:00,,,
2025-04-10 10:20:00+00:00,158.0,600.0,0.0
2025-04-10 10:21:00+00:00,,,
2025-04-10 10:22:00+00:00,,,
2025-04-10 10:23:00+00:00,,,
2025-04-10 10:24:00+00:00,,,
2025-04-10 10:25:00+00:00,124.0,408.0,0.0
2025-04-10 10:26:00+00:00,,,
2025-04-10 10:27:00+00:00,,,
2025-04-10 10:28:00+00:00,,,
2025-04-10 10:29:00+00:00,,,
2025-04-10 10:30:00+00:00,79.0,843.0,0.0
2025-04-10 10:31:00+00:00,,,
2025-04-10 10:32:00+00:00,,,
2025-04-10 10:33:00+00:00,,,
2025-04-10 10:34:00+00:00,,,
2025-04-10 10:35:00+00:00,178.0,359.0,0.0
2025-04-10 10:36:00+00:00,,,
2025-04-10 10:37:00+00:00,,,
2025-04-10 10:38:00+00:00,,,
2025-04-10 10:39:00+00:00,,,
2025-04-10 10:40:00+00:00,153.0,428.0,0.0
2025-04-10 10:41:00+00:00,,,
2025-04-10 10:42:00+00:00,,,
2025-04-10 10:43:00+00:00,,,
2025-04-10 10:44:00+00:00,,,
2025-04-10 10:45:00+00:00,93.0,516.0,0.0
2025-04-10 10:46:00+00:00,,,
2025-04-10 10:47:00+00:00,,,
2025-04-10 10:48:00+00:00,,,
2025-04-10 10:49:00+00:00,,,
2025-04-10 10:50:00+00:00,116.0,423.0,0.0
2025-04-10 10:51:00+00:00,,,
2025-04-10 10:52:00+00:00,,,
2025-04-10 10:53:00+00:00,,,
2025-04-10 10:54:00+00:00,,,
2025-04-10 10:55:00+00:00,130.0,307.0,0.0
2025-04-10 10:56:00+00:00,,,
2025-04-10 10:57:00+00:00,,,
2025-04-10 10:58:00+00:00,,,
2025-04-10 10:59:00+00:00,,,
2025-04-10 11:00:00+00:00,175.0,826.0,0.0
2025-04-10 11:01:00+00:00,,,
2025-04-10 11:02:00+00:00,,,
2025-04-10 11:03:00+00:00,,,
2025-04-10 11:04:00+00:00,,,
2025-04-10 11:05:00+00:00,76.0,784.0,0.0
2025-04-10 11:06:00+00:00,,,
2025-04-10 11:07:00+00:00,,,
2025-04-10 11:08:00+00:00,,,
2025-04-10 11:09:00+00:00,,,
2025-04-10 11:10:00+00:00,72.0,733.0,0.0
2025-04-10 11:11:00+00:00,,,
2025-04-10 11:12:00+00:00,,,
2025-04-10 11:13:00+00:00,,,
2025-04-10 11:14:00+00:00,,,
2025-04-10 11:15:00+00:00,67.0,554.0,0.0
2025-04-10 11:16:00+00:00,,,
2025-04-10 11:17:00+00:00,,,
2025-04-10 11:18:00+00:00,,,
2025-04-10 11:19:00+00:00,,,
2025-04-10 11:20:00+00:00,83.0,377.0,0.0
2025-04-10 11:21:00+00:00,,,
2025-04-10 11:22:00+00:00,,,
2025-04-10 11:23:00+00:00,,,
2025-04-10 11:24:00+00:00,,,
2025-04-10 11:25:00+00:00,66.0,395.0,0.0
2025-04-10 11:26:00+00:00,,,
2025-04-10 11:27:00+00:00,,,
2025-04-10 11:28:00+00:00,,,
2025-04-10 11:29:00+00:00,,,
2025-04-10 11:30:00+00:00,170.0,688.0,0.0
2025-04-10 11:31:00+00:00,,,
2025-04-10 11:32:00+00:00,,,
2025-04-10 11:33:00+00:00,,,
2025-04-10 11:34:00+00:00,,,
2025-04-10 11:35:00+00:00,96.0,798.0,0.0
2025-04-10 11:36:00+00:00,,,
2025-04-10 11:37:00+00:00,,,
2025-04-10 11:38:00+00:00,,,
2025-04-10 11:39:00+00:00,,,
2025-04-10 11:40:00+00:00,134.0,621.0,0.0
2025-04-10 11:41:00+00:00,,,
2025-04-10 11:42:00+00:00,,,
2025-04-10 11:43:00+00:00,,,
2025-04-10 11:44:00+00:00,,,
2025-04-10 11:45:00+00:00,80.0,490.0,0.0
2025-04-10 11:46:00+00:00,,,
2025-04-10 11:47:00+00:00,,,
2025-04-10 11:48:00+00:00,,,
2025-04-10 11:49:00+00:00,,,
2025-04-10 11:50:00+00:00,111.0,892.0,0.0
2025-04-10 11:51:00+00:00,,,
2025-04-10 11:52:00+00:00,,,
2025-04-10 11:53:00+00:00,,,
2025-04-10 11:54:00+00:00,,,
2025-04-10 11:55:00+00:00,132.0,509.0,0.0
2025-04-10 11:56:00+00:00,,,
2025-04-10 11:57:00+00:00,,,
2025-04-10 11:58:00+00:00,,,
2025-04-10 11:59:00+00:00,,,
2025-04-10 12:00:00+00:00,118.0,769.0,0.0
2025-04-10 12:01:00+00:00,,,
2025-04-10 12:02:00+00:00,,,
2025-04-10 12:03:00+00:00,,,
2025-04-10 12:04:00+00:00,,,
2025-04-10 12:05:00+00:00,76.0,550.0,0.0
2025-04-10 12:06:00+00:00,,,
2025-04-10 12:07:00+00:00,,,
2025-04-10 12:08:00+00:00,,,
2025-04-10 12:09:00+00:00,,,
2025-04-10 12:10:00+00:00,150.0,841.0,0.0
2025-04-10 12:11:00+00:00,,,
2025-04-10 12:12:00+00:00,,,
2025-04-10 12:13:00+00:00,,,
2025-04-10 12:14:00+00:00,,,
2025-04-10 12:15:00+00:00,180.0,418.0,0.0
2025-04-10 12:16:00+00:00,,,
2025-04-10 12:17:00+00:00,,,
2025-04-10 12:18:00+00:00,,,
2025-04-10 12:19:00+00:00,,,
2025-04-10 12:20:00+00:00,137.0,949.0,0.0
2025-04-10 12:21:00+00:00,,,
2025-04-10 12:22:00+00:00,,,
2025-04-10 12:23:00+00:00,,,
2025-04-10 12:24:00+00:00,,,
2025-04-10 12:25:00+00:00,71.0,345.0,0.0
2025-04-10 12:26:00+00:00,,,
2025-04-10 12:27:00+00:00,,,
2025-04-10 12:28:00+00:00,,,
2025-04-10 12:29:00+00:00,,,
2025-04-10 12:30:00+00:00,80.0,737.0,0.0
2025-04-10 12:31:00+00:00,,,
2025-04-10 12:32:00+00:00,,,
2025-04-10 12:33:00+00:00,,,
2025-04-10 12:34:00+00:00,,,
2025-04-10 12:35:00+00:00,129.0,865.0,0.0
2025-04-10 12:36:00+00:00,,,
2025-04-10 12:37:00+00:00,,,
2025-04-10 12:38:00+00:00,,,
2025-04-10 12:39:00+00:00,,,
2025-04-10 12:40:00+00:00,175.0,515.0,0.0
2025-04-10 12:41:00+00:00,,,
2025-04-10 12:42:00+00:00,,,
2025-04-10 12:43:00+00:00,,,
2025-04-10 12:44:00+00:00,,,
2025-04-10 12:45:00+00:00,173.0,458.0,0.0
2025-04-10 12:46:00+00:00,,,
2025-04-10 12:47:00+00:00,,,
2025-04-10 12:48:00+00:00,,,
2025-04-10 12:49:00+00:00,,,
2025-04-10 12:50:00+00:00,172.0,640.0,0.0
2025-04-10 12:51:00+00:00,,,
2025-04-10 12:52:00+00:00,,,
2025-04-10 12:53:00+00:00,,,
2025-04-10 12:54:00+00:00,,,
2025-04-10 12:55:00+00:00,94.0,339.0,0.0
2025-04-10 12:56:00+00:00,,,
2025-04-10 12:57:00+00:00,,,
2025-04-10 12:58:00+00:00,,,
2025-04-10 12:59:00+00:00,,,
2025-04-10 13:00:00+00:00,104.0,324.0,0.0
2025-04-10 13:01:00+00:00,,,
2025-04-10 13:02:00+00:00,,,
2025-04-10 13:03:00+00:00,,,
2025-04-10 13:04:00+00:00,,,
2025-04-10 13:05:00+00:00,158.0,821.0,0.0
2025-04-10 13:06:00+00:00,,,
2025-04-10 13:07:00+00:00,,,
2025-04-10 13:08:00+00:00,,,
2025-04-10 13:09:00+00:00,,,
2025-04-10 13:10:00+00:00,180.0,482.0,0.0
2025-04-10 13:11:00+00:00,,,
2025-04-10 13:12:00+00:00,,,
2025-04-10 13:13:00+00:00,,,
2025-04-10 13:14:00+00:00,,,
2025-04-10 13:15:00+00:00,153.0,920.0,0.0
2025-04-10 13:16:00+00:00,,,
2025-04-10 13:17:00+00:00,,,
2025-04-10 13:18:00+00:00,,,
2025-04-10 13:19:00+00:00,,,
2025-04-10 13:20:00+00:00,65.0,832.0,0.0
2025-04-10 13:21:00+00:00,,,
2025-04-10 13:22:00+00:00,,,
2025-04-10 13:23:00+00:00,,,
2025-04-10 13:24:00+00:00,,,
2025-04-10 13:25:00+00:00,139.0,607.0,0.0
2025-04-10 13:26:00+00:00,,,
2025-04-10 13:27:00+00:00,,,
2025-04-10 13:28:00+00:00,,,
2025-04-10 13:29:00+00:00,,,
2025-04-10 13:30:00+00:00,130.0,980.0,0.0
2025-04-10 13:31:00+00:00,,,
2025-04-10 13:32:00+00:00,,,
2025-04-10 13:33:00+00:00,,,
2025-04-10 13:34:00+00:00,,,
2025-04-10 13:35:00+00:00,132.0,300.0,0.0
2025-04-10 13:36:00+00:00,,,
2025-04-10 13:37:00+00:00,,,
2025-04-10 13:38:00+00:00,,,
2025-04-10 13:39:00+00:00,,,
2025-04-10 13:40:00+00:00,137.0,752.0,0.0
2025-04-10 13:41:00+00:00,,,
2025-04-10 13:42:00+00:00,,,
2025-04-10 13:43:00+00:00,,,
2025-04-10 13:44:00+00:00,,,
2025-04-10 13:45:00+00:00,144.0,979.0,0.0
2025-04-10 13:46:00+00:00,,,
2025-04-10 13:47:00+00:00,,,
2025-04-10 13:48:00+00:00,,,
2025-04-10 13:49:00+00:00,,,
2025-04-10 13:50:00+00:00,146.0,450.0,0.0
2025-04-10 13:51:00+00:00,,,
2025-04-10 13:52:00+00:00,,,
2025-04-10 13:53:00+00:00,,,
2025-04-10 13:54:00+00:00,,,
2025-04-10 13:55:00+00:00,168.0,724.0,0.0
2025-04-10 13:56:00+00:00,,,
2025-04-10 13:57:00+00:00,,,
2025-04-10 13:58:00+00:00,,,
2025-04-10 13:59:00+00:00,,,
2025-04-10 14:00:00+00:00,91.0,305.0,0.0
2025-04-10 14:01:00+00:00,,,
2025-04-10 14:02:00+00:00,,,
2025-04-10 14:03:00+00:00,,,
2025-04-10 14:04:00+00:00,,,
2025-04-10 14:05:00+00:00,119.0,424.0,0.0
2025-04-10 14:06:00+00:00,,,
2025-04-10 14:07:00+00:00,,,
2025-04-10 14:08:00+00:00,,,
2025-04-10 14:09:00+00:00,,,
2025-04-10 14:10:00+00:00,131.0,927.0,0.0
2025-04-10 14:11:00+00:00,,,
2025-04-10 14:12:00+00:00,,,
2025-04-10 14:13:00+00:00,,,
2025-04-10 14:14:00+00:00,,,
2025-04-10 14:15:00+00:00,155.0,565.0,0.0
2025-04-10 14:16:00+00:00,,,
2025-04-10 14:17:00+00:00,,,
2025-04-10 14:18:00+00:00,,,
2025-04-10 14:19:00+00:00,,,
2025-04-10 14:20:00+00:00,122.0,750.0,0.0
2025-04-10 14:21:00+00:00,,,
2025-04-10 14:22:00+00:00,,,
2025-04-10 14:23:00+00:00,,,
2025-04-10 14:24:00+00:00,,,
2025-04-10 14:25:00+00:00,100.0,441.0,0.0
2025-04-10 14:26:00+00:00,,,
2025-04-10 14:27:00+00:00,,,
2025-04-10 14:28:00+00:00,,,
2025-04-10 14:29:00+00:00,,,
2025-04-10 14:30:00+00:00,68.0,855.0,0.0
2025-04-10 14:31:00+00:00,,,
2025-04-10 14:32:00+00:00,,,
2025-04-10 14:33:00+00:00,,,
2025-04-10 14:34:00+00:00,,,
2025-04-10 14:35:00+00:00,109.0,320.0,0.0
2025-04-10 14:36:00+00:00,,,
2025-04-10 14:37:00+00:00,,,
2025-04-10 14:38:00+00:00,,,
2025-04-10 14:39:00+00:00,,,
2025-04-10 14:40:00+00:00,156.0,859.0,0.0
2025-04-10 14:41:00+00:00,,,
2025-04-10 14:42:00+00:00,,,
2025-04-10 14:43:00+00:00,,,
2025-04-10 14:44:00+00:00,,,
2025-04-10 14:45:00+00:00,63.0,995.0,0.0
2025-04-10 14:46:00+00:00,,,
2025-04-10 14:47:00+00:00,,,
2025-04-10 14:48:00+00:00,,,
2025-04-10 14:49:00+00:00,,,
2025-04-10 14:50:00+00:00,139.0,906.0,0.0
2025-04-10 14:51:00+00:00,,,
2025-04-10 14:52:00+00:00,,,
2025-04-10 14:53:00+00:00,,,
2025-04-10 14:54:00+00:00,,,
2025-04-10 14:55:00+00:00,83.0,635.0,0.0
2025-04-10 14:56:00+00:00,,,
2025-04-10 14:57:00+00:00,,,
2025-04-10 14:58:00+00:00,,,
2025-04-10 14:59:00+00:00,,,
2025-04-10 15:00:00+00:00,95.0,383.0,0.0
2025-04-10 15:01:00+00:00,,,
2025-04-10 15:02:00+00:00,,,
2025-04-10 15:03:00+00:00,,,
2025-04-10 15:04:00+00:00,,,
2025-04-10 15:05:00+00:00,88.0,341.0,0.0
2025-04-10 15:06:00+00:00,,,
2025-04-10 15:07:00+00:00,,,
2025-04-10 15:08:00+00:00,,,
2025-04-10 15:09:00+00:00,,,
2025-04-10 15:10:00+00:00,139.0,784.0,0.0
2025-04-10 15:11:00+00:00,,,
2025-04-10 15:12:00+00:00,,,
2025-04-10 15:13:00+00:00,,,
2025-04-10 15:14:00+00:00,,,
2025-04-10 15:15:00+00:00,158.0,921.0,0.0
2025-04-10 15:16:00+00:00,,,
2025-04-10 15:17:00+00:00,,,
2025-04-10 15:18:00+00:00,,,
2025-04-10 15:19:00+00:00,,,
2025-04-10 15:20:00+00:00,73.0,889.0,0.0
2025-04-10 15:21:00+00:00,,,
2025-04-10 15:22:00+00:00,,,
2025-04-10 15:23:00+00:00,,,
2025-04-10 15:24:00+00:00,,,
2025-04-10 15:25:00+00:00,135.0,404.0,0.0
2025-04-10 15:26:00+00:00,,,
2025-04-10 15:27:00+00:00,,,
2025-04-10 15:28:00+00:00,,,
2025-04-10 15:29:00+00:00,,,
2025-04-10 15:30:00+00:00,161.0,845.0,0.0
2025-04-10 15:31:00+00:00,,,
2025-04-10 15:32:00+00:00,,,
2025-04-10 15:33:00+00:00,,,
2025-04-10 15:34:00+00:00,,,
2025-04-10 15:35:00+00:00,61.0,408.0,0.0
2025-04-10 15:36:00+00:00,,,
2025-04-10 15:37:00+00:00,,,
2025-04-10 15:38:00+00:00,,,
2025-04-10 15:39:00+00:00,,,
2025-04-10 15:40:00+00:00,150.0,834.0,0.0
2025-04-10 15:41:00+00:00,,,
2025-04-10 15:42:00+00:00,,,
2025-04-10 15:43:00+00:00,,,
2025-04-10 15:44:00+00:00,,,
2025-04-10 15:45:00+00:00,119.0,630.0,0.0
2025-04-10 15:46:00+00:00,,,
2025-04-10 15:47:00+00:00,,,
2025-04-10 15:48:00+00:00,,,
2025-04-10 15:49:00+00:00,,,
2025-04-10 15:50:00+00:00,91.0,924.0,0.0
2025-04-10 15:51:00+00:00,,,
2025-04-10 15:52:00+00:00,,,
2025-04-10 15:53:00+00:00,,,
2025-04-10 15:54:00+00:00,,,
2025-04-10 15:55:00+00:00,83.0,564.0,0.0
2025-04-10 15:56:00+00:00,,,
2025-04-10 15:57:00+00:00,,,
2025-04-10 15:58:00+00:00,,,
2025-04-10 15:59:00+00:00,,,
2025-04-10 16:00:00+00:00,131.0,387.0,0.0
2025-04-10 16:01:00+00:00,,,
2025-04-10 16:02:00+00:00,,,
2025-04-10 16:03:00+00:00,,,
2025-04-10 16:04:00+00:00,,,
2025-04-10 16:05:00+00:00,148.0,802.0,0.0
2025-04-10 16:06:00+00:00,,,
2025-04-10 16:07:00+00:00,,,
2025-04-10 16:08:00+00:00,,,
2025-04-10 16:09:00+00:00,,,
2025-04-10 16:10:00+00:00,111.0,979.0,0.0
2025-04-10 16:11:00+00:00,,,
2025-04-10 16:12:00+00:00,,,
2025-04-10 16:13:00+00:00,,,
2025-04-10 16:14:00+00:00,,,
2025-04-10 16:15:00+00:00,155.0,764.0,0.0
2025-04-10 16:16:00+00:00,,,
2025-04-10 16:17:00+00:00,,,
2025-04-10 16:18:00+00:00,,,
2025-04-10 16:19:00+00:00,,,
2025-04-10 16:20:00+00:00,100.0,489.0,0.0
2025-04-10 16:21:00+00:00,,,
2025-04-10 16:22:00+00:00,,,
2025-04-10 16:23:00+00:00,,,
2025-04-10 16:24:00+00:00,,,
2025-04-10 16:25:00+00:00,157.0,402.0,0.0
2025-04-10 16:26:00+00:00,,,
2025-04-10 16:27:00+00:00,,,
2025-04-10 16:28:00+00:00,,,
2025-04-10 16:29:00+00:00,,,
2025-04-10 16:30:00+00:00,61.0,580.0,0.0
2025-04-10 16:31:00+00:00,,,
2025-04-10 16:32:00+00:00,,,
2025-04-10 16:33:00+00:00,,,
2025-04-10 16:34:00+00:00,,,
2025-04-10 16:35:00+00:00,141.0,312.0,0.0
2025-04-10 16:36:00+00:00,,,
2025-04-10 16:37:00+00:00,,,
2025-04-10 16:38:00+00:00,,,
2025-04-10 16:39:00+00:00,,,
2025-04-10 16:40:00+00:00,66.0,366.0,0.0
2025-04-10 16:41:00+00:00,,,
2025-04-10 16:42:00+00:00,,,
2025-04-10 16:43:00+00:00,,,
2025-04-10 16:44:00+00:00,,,
2025-04-10 16:45:00+00:00,79.0,387.0,0.0
2025-04-10 16:46:00+00:00,,,
2025-04-10 16:47:00+00:00,,,
2025-04-10 16:48:00+00:00,,,
2025-04-10 16:49:00+00:00,,,
2025-04-10 16:50:00+00:00,136.0,835.0,0.0
2025-04-10 16:51:00+00:00,,,
2025-04-10 16:52:00+00:00,,,
2025-04-10 16:53:00+00:00,,,
2025-04-10 16:54:00+00:00,,,
2025-04-10 16:55:00+00:00,114.0,361.0,0.0
2025-04-10 16:56:00+00:00,,,
2025-04-10 16:57:00+00:00,,,
2025-04-10 16:58:00+00:00,,,
2025-04-10 16:59:00+00:00,,,
2025-04-10 17:00:00+00:00,93.0,545.0,0.0
2025-04-10 17:01:00+00:00,,,
2025-04-10 17:02:00+00:00,,,
2025-04-10 17:03:00+00:00,,,
2025-04-10 17:04:00+00:00,,,
2025-04-10 17:05:00+00:00,117.0,598.0,0.0
2025-04-10 17:06:00+00:00,,,
2025-04-10 17:07:00+00:00,,,
2025-04-10 17:08:00+00:00,,,
2025-04-10 17:09:00+00:00,,,
2025-04-10 17:10:00+00:00,69.0,940.0,0.0
2025-04-10 17:11:00+00:00,,,
2025-04-10 17:12:00+00:00,,,
2025-04-10 17:13:00+00:00,,,
2025-04-10 17:14:00+00:00,,,
2025-04-10 17:15:00+00:00,176.0,361.0,0.0
2025-04-10 17:16:00+00:00,,,
2025-04-10 17:17:00+00:00,,,
2025-04-10 17:18:00+00:00,,,
2025-04-10 17:19:00+00:00,,,
2025-04-10 17:20:00+00:00,177.0,779.0,0.0
2025-04-10 17:21:00+00:00,,,
2025-04-10 17:22:00+00:00,,,
2025-04-10 17:23:00+00:00,,,
2025-04-10 17:24:00+00:00,,,
2025-04-10 17:25:00+00:00,129.0,912.0,0.0
2025-04-10 17:26:00+00:00,,,
2025-04-10 17:27:00+00:00,,,
2025-04-10 17:28:00+00:00,,,
2025-04-10 17:29:00+00:00,,,
2025-04-10 17:30:00+00:00,92.0,990.0,0.0
2025-04-10 17:31:00+00:00,,,
2025-04-10 17:32:00+00:00,,,
2025-04-10 17:33:00+00:00,,,
2025-04-10 17:34:00+00:00,,,
2025-04-10 17:35:00+00:00,133.0,831.0,0.0
2025-04-10 17:36:00+00:00,,,
2025-04-10 17:37:00+00:00,,,
2025-04-10 17:38:00+00:00,,,
2025-04-10 17:39:00+00:00,,,
2025-04-10 17:40:00+00:00,115.0,781.0,0.0
2025-04-10 17:41:00+00:00,,,
2025-04-10 17:42:00+00:00,,,
2025-04-10 17:43:00+00:00,,,
2025-04-10 17:44:00+00:00,,,
2025-04-10 17:45:00+00:00,169.0,807.0,0.0
2025-04-10 17:46:00+00:00,,,
2025-04-10 17:47:00+00:00,,,
2025-04-10 17:48:00+00:00,,,
2025-04-10 17:49:00+00:00,,,
2025-04-10 17:50:00+00:00,64.0,558.0,0.0
2025-04-10 17:51:00+00:00,,,
2025-04-10 17:52:00+00:00,,,
2025-04-10 17:53:00+00:00,,,
2025-04-10 17:54:00+00:00,,,
2025-04-10 17:55:00+00:00,165.0,723.0,0.0
2025-04-10 17:56:00+00:00,,,
2025-04-10 17:57:00+00:00,,,
2025-04-10 17:58:00+00:00,,,
2025-04-10 17:59:00+00:00,,,
2025-04-10 18:00:00+00:00,140.0,573.0,0.0
2025-04-10 18:01:00+00:00,,,
2025-04-10 18:02:00+00:00,,,
2025-04-10 18:03:00+00:00,,,
2025-04-10 18:04:00+00:00,,,
2025-04-10 18:05:00+00:00,75.0,545.0,0.0
2025-04-10 18:06:00+00:00,,,
2025-04-10 18:07:00+00:00,,,
2025-04-10 18:08:00+00:00,,,
2025-04-10 18:09:00+00:00,,,
2025-04-10 18:10:00+00:00,71.0,420.0,0.0
2025-04-10 18:11:00+00:00,,,
2025-04-10 18:12:00+00:00,,,
2025-04-10 18:13:00+00:00,,,
2025-04-10 18:14:00+00:00,,,
2025-04-10 18:15:00+00:00,150.0,783.0,0.0
2025-04-10 18:16:00+00:00,,,
2025-04-10 18:17:00+00:00,,,
2025-04-10 18:18:00+00:00,,,
2025-04-10 18:19:00+00:00,,,
2025-04-10 18:20:00+00:00,177.0,439.0,0.0
2025-04-10 18:21:00+00:00,,,
2025-04-10 18:22:00+00:00,,,
2025-04-10 18:23:00+00:00,,,
2025-04-10 18:24:00+00:00,,,
2025-04-10 18:25:00+00:00,103.0,302.0,0.0
2025-04-10 18:26:00+00:00,,,
2025-04-10 18:27:00+00:00,,,
2025-04-10 18:28:00+00:00,,,
2025-04-10 18:29:00+00:00,,,
2025-04-10 18:30:00+00:00,144.0,851.0,0.0
2025-04-10 18:31:00+00:00,,,
2025-04-10 18:32:00+00:00,,,
2025-04-10 18:33:00+00:00,,,
2025-04-10 18:34:00+00:00,,,
2025-04-10 18:35:00+00:00,108.0,544.0,0.0
2025-04-10 18:36:00+00:00,,,
2025-04-10 18:37:00+00:00,,,
2025-04-10 18:38:00+00:00,,,
2025-04-10 18:39:00+00:00,,,
2025-04-10 18:40:00+00:00,100.0,690.0,0.0
2025-04-10 18:41:00+00:00,,,
2025-04-10 18:42:00+00:00,,,
2025-04-10 18:43:00+00:00,,,
2025-04-10 18:44:00+00:00,,,
2025-04-10 18:45:00+00:00,123.0,814.0,0.0
2025-04-10 18:46:00+00:00,,,
2025-04-10 18:47:00+00:00,,,
2025-04-10 18:48:00+00:00,,,
2025-04-10 18:49:00+00:00,,,
2025-04-10 18:50:00+00:00,72.0,447.0,0.0
2025-04-10 18:51:00+00:00,,,
2025-04-10 18:52:00+00:00,,,
2025-04-10 18:53:00+00:00,,,
2025-04-10 18:54:00+00:00,,,
2025-04-10 18:55:00+00:00,120.0,938.0,0.0
2025-04-10 18:56:00+00:00,,,
2025-04-10 18:57:00+00:00,,,
2025-04-10 18:58:00+00:00,,,
2025-04-10 18:59:00+00:00,,,
2025-04-10 19:00:00+00:00,108.0,799.0,0.0
2025-04-10 19:01:00+00:00,,,
2025-04-10 19:02:00+00:00,,,
2025-04-10 19:03:00+00:00,,,
2025-04-10 19:04:00+00:00,,,
2025-04-10 19:05:00+00:00,89.0,400.0,0.0
2025-04-10 19:06:00+00:00,,,
2025-04-10 19:07:00+00:00,,,
2025-04-10 19:08:00+00:00,,,
2025-04-10 19:09:00+00:00,,,
2025-04-10 19:10:00+00:00,65.0,667.0,0.0
2025-04-10 19:11:00+00:00,,,
2025-04-10 19:12:00+00:00,,,
2025-04-10 19:13:00+00:00,,,
2025-04-10 19:14:00+00:00,,,
2025-04-10 19:15:00+00:00,132.0,479.0,0.0
2025-04-10 19:16:00+00:00,,,
2025-04-10 19:17:00+00:00,,,
2025-04-10 19:18:00+00:00,,,
2025-04-10 19:19:00+00:00,,,
2025-04-10 19:20:00+00:00,123.0,537.0,0.0
2025-04-10 19:21:00+00:00,,,
2025-04-10 19:22:00+00:00,,,
2025-04-10 19:23:00+00:00,,,
2025-04-10 19:24:00+00:00,,,
2025-04-10 19:25:00+00:00,175.0,993.0,0.0
2025-04-10 19:26:00+00:00,,,
2025-04-10 19:27:00+00:00,,,
2025-04-10 19:28:00+00:00,,,
2025-04-10 19:29:00+00:00,,,
2025-04-10 19:30:00+00:00,98.0,556.0,0.0
2025-04-10 19:31:00+00:00,,,
2025-04-10 19:32:00+00:00,,,
2025-04-10 19:33:00+00:00,,,
2025-04-10 19:34:00+00:00,,,
2025-04-10 19:35:00+00:00,169.0,690.0,0.0
2025-04-10 19:36:00+00:00,,,
2025-04-10 19:37:00+00:00,,,
2025-04-10 19:38:00+00:00,,,
2025-04-10 19:39:00+00:00,,,
2025-04-10 19:40:00+00:00,62.0,308.0,0.0
2025-04-10 19:41:00+00:00,,,
2025-04-10 19:42:00+00:00,,,
2025-04-10 19:43:00+00:00,,,
2025-04-10 19:44:00+00:00,,,
2025-04-10 19:45:00+00:00,159.0,660.0,0.0
2025-04-10 19:46:00+00:00,,,
2025-04-10 19:47:00+00:00,,,
2025-04-10 19:48:00+00:00,,,
2025-04-10 19:49:00+00:00,,,
2025-04-10 19:50:00+00:00,140.0,340.0,0.0
2025-04-10 19:51:00+00:00,,,
2025-04-10 19:52:00+00:00,,,
2025-04-10 19:53:00+00:00,,,
2025-04-10 19:54:00+00:00,,,
2025-04-10 19:55:00+00:00,153.0,634.0,0.0
2025-04-10 19:56:00+00:00,,,
2025-04-10 19:57:00+00:00,,,
2025-04-10 19:58:00+00:00,,,
2025-04-10 19:59:00+00:00,,,
2025-04-10 20:00:00+00:00,172.0,579.0,0.0
2025-04-10 20:01:00+00:00,,,
2025-04-10 20:02:00+00:00,,,
2025-04-10 20:03:00+00:00,,,
2025-04-10 20:04:00+00:00,,,
2025-04-10 20:05:00+00:00,163.0,779.0,0.0
2025-04-10 20:06:00+00:00,,,
2025-04-10 20:07:00+00:00,,,
2025-04-10 20:08:00+00:00,,,
2025-04-10 20:09:00+00:00,,,
2025-04-10 20:10:00+00:00,168.0,392.0,0.0
2025-04-10 20:11:00+00:00,,,
2025-04-10 20:12:00+00:00,,,
2025-04-10 20:13:00+00:00,,,
2025-04-10 20:14:00+00:00,,,
2025-04-10 20:15:00+00:00,107.0,690.0,0.0
2025-04-10 20:16:00+00:00,,,
2025-04-10 20:17:00+00:00,,,
2025-04-10 20:18:00+00:00,,,
2025-04-10 20:19:00+00:00,,,
2025-04-10 20:20:00+00:00,139.0,924.0,0.0
2025-04-10 20:21:00+00:00,,,
2025-04-10 20:22:00+00:00,,,
2025-04-10 20:23:00+00:00,,,
2025-04-10 20:24:00+00:00,,,
2025-04-10 20:25:00+00:00,176.0,718.0,0.0
2025-04-10 20:26:00+00:00,,,
2025-04-10 20:27:00+00:00,,,
2025-04-10 20:28:00+00:00,,,
2025-04-10 20:29:00+00:00,,,
2025-04-10 20:30:00+00:00,123.0,850.0,0.0
2025-04-10 20:31:00+00:00,,,
2025-04-10 20:32:00+00:00,,,
2025-04-10 20:33:00+00:00,,,
2025-04-10 20:34:00+00:00,,,
2025-04-10 20:35:00+00:00,113.0,970.0,0.0
2025-04-10 20:36:00+00:00,,,
2025-04-10 20:37:00+00:00,,,
2025-04-10 20:38:00+00:00,,,
2025-04-10 20:39:00+00:00,,,
2025-04-10 20:40:00+00:00,64.0,754.0,0.0
2025-04-10 20:41:00+00:00,,,
2025-04-10 20:42:00+00:00,,,
2025-04-10 20:43:00+00:00,,,
2025-04-10 20:44:00+00:00,,,
2025-04-10 20:45:00+00:00,147.0,667.0,0.0
2025-04-10 20:46:00+00:00,,,
2025-04-10 20:47:00+00:00,,,
2025-04-10 20:48:00+00:00,,,
2025-04-10 20:49:00+00:00,,,
2025-04-10 20:50:00+00:00,168.0,978.0,0.0
2025-04-10 20:51:00+00:00,,,
2025-04-10 20:52:00+00:00,,,
2025-04-10 20:53:00+00:00,,,
2025-04-10 20:54:00+00:00,,,
2025-04-10 20:55:00+00:00,66.0,428.0,0.0
2025-04-10 20:56:00+00:00,,,
2025-04-10 20:57:00+00:00,,,
2025-04-10 20:58:00+00:00,,,
2025-04-10 20:59:00+00:00,,,
2025-04-10 21:00:00+00:00,135.0,451.0,0.0
2025-04-10 21:01:00+00:00,,,
2025-04-10 21:02:00+00:00,,,
2025-04-10 21:03:00+00:00,,,
2025-04-10 21:04:00+00:00,,,
2025-04-10 21:05:00+00:00,129.0,976.0,0.0
2025-04-10 21:06:00+00:00,,,
2025-04-10 21:07:00+00:00,,,
2025-04-10 21:08:00+00:00,,,
2025-04-10 21:09:00+00:00,,,
2025-04-10 21:10:00+00:00,135.0,571.0,0.0
2025-04-10 21:11:00+00:00,,,
2025-04-10 21:12:00+00:00,,,
2025-04-10 21:13:00+00:00,,,
2025-04-10 21:14:00+00:00,,,
2025-04-10 21:15:00+00:00,155.0,670.0,0.0
2025-04-10 21:16:00+00:00,,,
2025-04-10 21:17:00+00:00,,,
2025-04-10 21:18:00+00:00,,,
2025-04-10 21:19:00+00:00,,,
2025-04-10 21:20:00+00:00,65.0,769.0,0.0
2025-04-10 21:21:00+00:00,,,
2025-04-10 21:22:00+00:00,,,
2025-04-10 21:23:00+00:00,,,
2025-04-10 21:24:00+00:00,,,
2025-04-10 21:25:00+00:00,114.0,754.0,0.0
2025-04-10 21:26:00+00:00,,,
2025-04-10 21:27:00+00:00,,,
2025-04-10 21:28:00+00:00,,,
2025-04-10 21:29:00+00:00,,,
2025-04-10 21:30:00+00:00,68.0,948.0,0.0
2025-04-10 21:31:00+00:00,,,
2025-04-10 21:32:00+00:00,,,
2025-04-10 21:33:00+00:00,,,
2025-04-10 21:34:00+00:00,,,
2025-04-10 21:35:00+00:00,118.0,401.0,0.0
2025-04-10 21:36:00+00:00,,,
2025-04-10 21:37:00+00:00,,,
2025-04-10 21:38:00+00:00,,,
2025-04-10 21:39:00+00:00,,,
2025-04-10 21:40:00+00:00,152.0,762.0,0.0
2025-04-10 21:41:00+00:00,,,
2025-04-10 21:42:00+00:00,,,
2025-04-10 21:43:00+00:00,,,
2025-04-10 21:44:00+00:00,,,
2025-04-10 21:45:00+00:00,113.0,737.0,0.0
2025-04-10 21:46:00+00:00,,,
2025-04-10 21:47:00+00:00,,,
2025-04-10 21:48:00+00:00,,,
2025-04-10 21:49:00+00:00,,,
2025-04-10 21:50:00+00:00,147.0,393.0,0.0
2025-04-10 21:51:00+00:00,,,
2025-04-10 21:52:00+00:00,,,
2025-04-10 21:53:00+00:00,,,
2025-04-10 21:54:00+00:00,,,
2025-04-10 21:55:00+00:00,163.0,900.0,0.0
2025-04-10 21:56:00+00:00,,,
2025-04-10 21:57:00+00:00,,,
2025-04-10 21:58:00+00:00,,,
2025-04-10 21:59:00+00:00,,,
2025-04-10 22:00:00+00:00,171.0,914.0,0.0
2025-04-10 22:01:00+00:00,,,
2025-04-10 22:02:00+00:00,,,
2025-04-10 22:03:00+00:00,,,
2025-04-10 22:04:00+00:00,,,
2025-04-10 22:05:00+00:00,79.0,410.0,0.0
2025-04-10 22:06:00+00:00,,,
2025-04-10 22:07:00+00:00,,,
2025-04-10 22:08:00+00:00,,,
2025-04-10 22:09:00+00:00,,,
2025-04-10 22:10:00+00:00,133.0,936.0,0.0
2025-04-10 22:11:00+00:00,,,
2025-04-10 22:12:00+00:00,,,
2025-04-10 22:13:00+00:00,,,
2025-04-10 22:14:00+00:00,,,
2025-04-10 22:15:00+00:00,63.0,616.0,0.0
2025-04-10 22:16:00+00:00,,,
2025-04-10 22:17:00+00:00,,,
2025-04-10 22:18:00+00:00,,,
2025-04-10 22:19:00+00:00,,,
2025-04-10 22:20:00+00:00,132.0,445.0,0.0
2025-04-10 22:21:00+00:00,,,
2025-04-10 22:22:00+00:00,,,
2025-04-10 22:23:00+00:00,,,
2025-04-10 22:24:00+00:00,,,
2025-04-10 22:25:00+00:00,113.0,678.0,0.0
2025-04-10 22:26:00+00:00,,,
2025-04-10 22:27:00+00:00,,,
2025-04-10 22:28:00+00:00,,,
2025-04-10 22:29:00+00:00,,,
2025-04-10 22:30:00+00:00,136.0,461.0,0.0
2025-04-10 22:31:00+00:00,,,
2025-04-10 22:32:00+00:00,,,
2025-04-10 22:33:00+00:00,,,
2025-04-10 22:34:00+00:00,,,
2025-04-10 22:35:00+00:00,122.0,579.0,0.0
2025-04-10 22:36:00+00:00,,,
2025-04-10 22:37:00+00:00,,,
2025-04-10 22:38:00+00:00,,,
2025-04-10 22:39:00+00:00,,,
2025-04-10 22:40:00+00:00,74.0,839.0,0.0
2025-04-10 22:41:00+00:00,,,
2025-04-10 22:42:00+00:00,,,
2025-04-10 22:43:00+00:00,,,
2025-04-10 22:44:00+00:00,,,
2025-04-10 22:45:00+00:00,67.0,516.0,0.0
2025-04-10 22:46:00+00:00,,,
2025-04-10 22:47:00+00:00,,,
2025-04-10 22:48:00+00:00,,,
2025-04-10 22:49:00+00:00,,,
2025-04-10 22:50:00+00:00,60.0,432.0,0.0
2025-04-10 22:51:00+00:00,,,
2025-04-10 22:52:00+00:00,,,
2025-04-10 22:53:00+00:00,,,
2025-04-10 22:54:00+00:00,,,
2025-04-10 22:55:00+00:00,166.0,706.0,0.0
2025-04-10 22:56:00+00:00,,,
2025-04-10 22:57:00+00:00,,,
2025-04-10 22:58:00+00:00,,,
2025-04-10 22:59:00+00:00,,,
2025-04-10 23:00:00+00:00,170.0,887.0,0.0
2025-04-10 23:01:00+00:00,,,
2025-04-10 23:02:00+00:00,,,
2025-04-10 23:03:00+00:00,,,
2025-04-10 23:04:00+00:00,,,
2025-04-10 23:05:00+00:00,111.0,932.0,0.0
2025-04-10 23:06:00+00:00,,,
2025-04-10 23:07:00+00:00,,,
2025-04-10 23:08:00+00:00,,,
2025-04-10 23:09:00+00:00,,,
2025-04-10 23:10:00+00:00,115.0,746.0,0.0
2025-04-10 23:11:00+00:00,,,
2025-04-10 23:12:00+00:00,,,
2025-04-10 23:13:00+00:00,,,
2025-04-10 23:14:00+00:00,,,
2025-04-10 23:15:00+00:00,155.0,472.0,0.0
2025-04-10 23:16:00+00:00,,,
2025-04-10 23:17:00+00:00,,,
2025-04-10 23:18:00+00:00,,,
2025-04-10 23:19:00+00:00,,,
2025-04-10 23:20:00+00:00,84.0,960.0,0.0
2025-04-10 23:21:00+00:00,,,
2025-04-10 23:22:00+00:00,,,
2025-04-10 23:23:00+00:00,,,
2025-04-10 23:24:00+00:00,,,
2025-04-10 23:25:00+00:00,82.0,377.0,0.0
2025-04-10 23:26:00+00:00,,,
2025-04-10 23:27:00+00:00,,,
2025-04-10 23:28:00+00:00,,,
2025-04-10 23:29:00+00:00,,,
2025-04-10 23:30:00+00:00,156.0,997.0,0.0
2025-04-10 23:31:00+00:00,,,
2025-04-10 23:32:00+00:00,,,
2025-04-10 23:33:00+00:00,,,
2025-04-10 23:34:00+00:00,,,
2025-04-10 23:35:00+00:00,116.0,946.0,0.0
2025-04-10 23:36:00+00:00,,,
2025-04-10 23:37:00+00:00,,,
2025-04-10 23:38:00+00:00,,,
2025-04-10 23:39:00+00:00,,,
2025-04-10 23:40:00+00:00,124.0,762.0,0.0
2025-04-10 23:41:00+00:00,,,
2025-04-10 23:42:00+00:00,,,
2025-04-10 23:43:00+00:00,,,
2025-04-10 23:44:00+00:00,,,
2025-04-10 23:45:00+00:00,142.0,908.0,0.0
2025-04-10 23:46:00+00:00,,,
2025-04-10 23:47:00+00:00,,,
2025-04-10 23:48:00+00:00,,,
2025-04-10 23:49:00+00:00,,,
2025-04-10 23:50:00+00:00,117.0,492.0,0.0
2025-04-10 23:51:00+00:00,,,
2025-04-10 23:52:00+00:00,,,
2025-04-10 23:53:00+00:00,,,
2025-04-10 23:54:00+00:00,,,
2025-04-10 23:55:00+00:00,117.0,386.0,0.0
2025-04-10 23:56:00+00:00,,,
2025-04-10 23:57:00+00:00,,,
2025-04-10 23:58:00+00:00,,,
2025-04-10 23:59:00+00:00,,,
2025-04-11 00:00:00+00:00,127.0,672.0,0.0
2025-04-11 00:01:00+00:00,,,
2025-04-11 00:02:00+00:00,,,
2025-04-11 00:03:00+00:00,,,
2025-04-11 00:04:00+00:00,,,
2025-04-11 00:05:00+00:00,146.0,962.0,0.0
2025-04-11 00:06:00+00:00,,,
2025-04-11 00:07:00+00:00,,,
2025-04-11 00:08:00+00:00,,,
2025-04-11 00:09:00+00:00,,,
2025-04-11 00:10:00+00:00,96.0,641.0,0.0
2025-04-11 00:11:00+00:00,,,
2025-04-11 00:12:00+00:00,,,
2025-04-11 00:13:00+00:00,,,
2025-04-11 00:14:00+00:00,,,
2025-04-11 00:15:00+00:00,99.0,978.0,0.0
2025-04-11 00:16:00+00:00,,,
2025-04-11 00:17:00+00:00,,,
2025-04-11 00:18:00+00:00,,,
2025-04-11 00:19:00+00:00,,,
2025-04-11 00:20:00+00:00,99.0,636.0,0.0
2025-04-11 00:21:00+00:00,,,
2025-04-11 00:22:00+00:00,,,
2025-04-11 00:23:00+00:00,,,
2025-04-11 00:24:00+00:00,,,
2025-04-11 00:25:00+00:00,71.0,670.0,0.0
2025-04-11 00:26:00+00:00,,,
2025-04-11 00:27:00+00:00,,,
2025-04-11 00:28:00+00:00,,,
2025-04-11 00:29:00+00:00,,,
2025-04-11 00:30:00+00:00,103.0,531.0,0.0
2025-04-11 00:31:00+00:00,,,
2025-04-11 00:32:00+00:00,,,
2025-04-11 00:33:00+00:00,,,
2025-04-11 00:34:00+00:00,,,
2025-04-11 00:35:00+00:00,124.0,839.0,0.0
2025-04-11 00:36:00+00:00,,,
2025-04-11 00:37:00+00:00,,,
2025-04-11 00:38:00+00:00,,,
2025-04-11 00:39:00+00:00,,,
2025-04-11 00:40:00+00:00,76.0,466.0,0.0
2025-04-11 00:41:00+00:00,,,
2025-04-11 00:42:00+00:00,,,
2025-04-11 00:43:00+00:00,,,
2025-04-11 00:44:00+00:00,,,
2025-04-11 00:45:00+00:00,152.0,673.0,0.0
2025-04-11 00:46:00+00:00,,,
2025-04-11 00:47:00+00:00,,,
2025-04-11 00:48:00+00:00,,,
2025-04-11 00:49:00+00:00,,,
2025-04-11 00:50:00+00:00,89.0,780.0,0.0
2025-04-11 00:51:00+00:00,,,
2025-04-11 00:52:00+00:00,,,
2025-04-11 00:53:00+00:00,,,
2025-04-11 00:54:00+00:00,,,
2025-04-11 00:55:00+00:00,119.0,814.0,0.0
2025-04-11 00:56:00+00:00,,,
2025-04-11 00:57:00+00:00,,,
2025-04-11 00:58:00+00:00,,,
2025-04-11 00:59:00+00:00,,,
2025-04-11 01:00:00+00:00,77.0,956.0,0.0
2025-04-11 01:01:00+00:00,,,
2025-04-11 01:02:00+00:00,,,
2025-04-11 01:03:00+00:00,,,
2025-04-11 01:04:00+00:00,,,
2025-04-11 01:05:00+00:00,151.0,591.0,0.0
2025-04-11 01:06:00+00:00,,,
2025-04-11 01:07:00+00:00,,,
2025-04-11 01:08:00+00:00,,,
2025-04-11 01:09:00+00:00,,,
2025-04-11 01:10:00+00:00,78.0,527.0,0.0
2025-04-11 01:11:00+00:00,,,
2025-04-11 01:12:00+00:00,,,
2025-04-11 01:13:00+00:00,,,
2025-04-11 01:14:00+00:00,,,
2025-04-11 01:15:00+00:00,66.0,541.0,0.0
2025-04-11 01:16:00+00:00,,,
2025-04-11 01:17:00+00:00,,,
2025-04-11 01:18:00+00:00,,,
2025-04-11 01:19:00+00:00,,,
2025-04-11 01:20:00+00:00,100.0,965.0,0.0
2025-04-11 01:21:00+00:00,,,
2025-04-11 01:22:00+00:00,,,
2025-04-11 01:23:00+00:00,,,
2025-04-11 01:24:00+00:00,,,
2025-04-11 01:25:00+00:00,177.0,442.0,0.0
2025-04-11 01:26:00+00:00,,,
2025-04-11 01:27:00+00:00,,,
2025-04-11 01:28:00+00:00,,,
2025-04-11 01:29:00+00:00,,,
2025-04-11 01:30:00+00:00,62.0,861.0,0.0
2025-04-11 01:31:00+00:00,,,
2025-04-11 01:32:00+00:00,,,
2025-04-11 01:33:00+00:00,,,
2025-04-11 01:34:00+00:00,,,
2025-04-11 01:35:00+00:00,75.0,954.0,0.0
2025-04-11 01:36:00+00:00,,,
2025-04-11 01:37:00+00:00,,,
2025-04-11 01:38:00+00:00,,,
2025-04-11 01:39:00+00:00,,,
2025-04-11 01:40:00+00:00,136.0,827.0,0.0
2025-04-11 01:41:00+00:00,,,
2025-04-11 01:42:00+00:00,,,
2025-04-11 01:43:00+00:00,,,
2025-04-11 01:44:00+00:00,,,
2025-04-11 01:45:00+00:00,138.0,726.0,0.0
2025-04-11 01:46:00+00:00,,,
2025-04-11 01:47:00+00:00,,,
2025-04-11 01:48:00+00:00,,,
2025-04-11 01:49:00+00:00,,,
2025-04-11 01:50:00+00:00,68.0,819.0,0.0
2025-04-11 01:51:00+00:00,,,
2025-04-11 01:52:00+00:00,,,
2025-04-11 01:53:00+00:00,,,
2025-04-11 01:54:00+00:00,,,
2025-04-11 01:55:00+00:00,107.0,369.0,0.0
2025-04-11 01:56:00+00:00,,,
2025-04-11 01:57:00+00:00,,,
2025-04-11 01:58:00+00:00,,,
2025-04-11 01:59:00+00:00,,,
2025-04-11 02:00:00+00:00,158.0,345.0,0.0
2025-04-11 02:01:00+00:00,,,
2025-04-11 02:02:00+00:00,,,
2025-04-11 02:03:00+00:00,,,
2025-04-11 02:04:00+00:00,,,
2025-04-11 02:05:00+00:00,166.0,790.0,0.0
2025-04-11 02:06:00+00:00,,,
2025-04-11 02:07:00+00:00,,,
2025-04-11 02:08:00+00:00,,,
2025-04-11 02:09:00+00:00,,,
2025-04-11 02:10:00+00:00,64.0,504.0,0.0
2025-04-11 02:11:00+00:00,,,
2025-04-11 02:12:00+00:00,,,
2025-04-11 02:13:00+00:00,,,
2025-04-11 02:14:00+00:00,,,
2025-04-11 02:15:00+00:00,164.0,337.0,0.0
2025-04-11 02:16:00+00:00,,,
2025-04-11 02:17:00+00:00,,,
2025-04-11 02:18:00+00:00,,,
2025-04-11 02:19:00+00:00,,,
2025-04-11 02:20:00+00:00,170.0,427.0,0.0
2025-04-11 02:21:00+00:00,,,
2025-04-11 02:22:00+00:00,,,
2025-04-11 02:23:00+00:00,,,
2025-04-11 02:24:00+00:00,,,
2025-04-11 02:25:00+00:00,174.0,491.0,0.0
2025-04-11 02:26:00+00:00,,,
2025-04-11 02:27:00+00:00,,,
2025-04-11 02:28:00+00:00,,,
2025-04-11 02:29:00+00:00,,,
2025-04-11 02:30:00+00:00,94.0,734.0,0.0
2025-04-11 02:31:00+00:00,,,
2025-04-11 02:32:00+00:00,,,
2025-04-11 02:33:00+00:00,,,
2025-04-11 02:34:00+00:00,,,
2025-04-11 02:35:00+00:00,129.0,381.0,0.0
2025-04-11 02:36:00+00:00,,,
2025-04-11 02:37:00+00:00,,,
2025-04-11 02:38:00+00:00,,,
2025-04-11 02:39:00+00:00,,,
2025-04-11 02:40:00+00:00,151.0,754.0,0.0
2025-04-11 02:41:00+00:00,,,
2025-04-11 02:42:00+00:00,,,
2025-04-11 02:43:00+00:00,,,
2025-04-11 02:44:00+00:00,,,
2025-04-11 02:45:00+00:00,138.0,358.0,0.0
2025-04-11 02:46:00+00:00,,,
2025-04-11 02:47:00+00:00,,,
2025-04-11 02:48:00+00:00,,,
2025-04-11 02:49:00+00:00,,,
2025-04-11 02:50:00+00:00,162.0,446.0,0.0
2025-04-11 02:51:00+00:00,,,
2025-04-11 02:52:00+00:00,,,
2025-04-11 02:53:00+00:00,,,
2025-04-11 02:54:00+00:00,,,
2025-04-11 02:55:00+00:00,106.0,919.0,0.0
2025-04-11 02:56:00+00:00,,,
2025-04-11 02:57:00+00:00,,,
2025-04-11 02:58:00+00:00,,,
2025-04-11 02:59:00+00:00,,,
2025-04-11 03:00:00+00:00,116.0,440.0,0.0
2025-04-11 03:01:00+00:00,,,
2025-04-11 03:02:00+00:00,,,
2025-04-11 03:03:00+00:00,,,
2025-04-11 03:04:00+00:00,,,
2025-04-11 03:05:00+00:00,74.0,830.0,0.0
2025-04-11 03:06:00+00:00,,,
2025-04-11 03:07:00+00:00,,,
2025-04-11 03:08:00+00:00,,,
2025-04-11 03:09:00+00:00,,,
2025-04-11 03:10:00+00:00,150.0,592.0,0.0
2025-04-11 03:11:00+00:00,,,
2025-04-11 03:12:00+00:00,,,
2025-04-11 03:13:00+00:00,,,
2025-04-11 03:14:00+00:00,,,
2025-04-11 03:15:00+00:00,117.0,998.0,0.0
2025-04-11 03:16:00+00:00,,,
2025-04-11 03:17:00+00:00,,,
2025-04-11 03:18:00+00:00,,,
2025-04-11 03:19:00+00:00,,,
2025-04-11 03:20:00+00:00,129.0,953.0,0.0
2025-04-11 03:21:00+00:00,,,
2025-04-11 03:22:00+00:00,,,
2025-04-11 03:23:00+00:00,,,
2025-04-11 03:24:00+00:00,,,
2025-04-11 03:25:00+00:00,85.0,805.0,0.0
2025-04-11 03:26:00+00:00,,,
2025-04-11 03:27:00+00:00,,,
2025-04-11 03:28:00+00:00,,,
2025-04-11 03:29:00+00:00,,,
2025-04-11 03:30:00+00:00,162.0,388.0,0.0
2025-04-11 03:31:00+00:00,,,
2025-04-11 03:32:00+00:00,,,
2025-04-11 03:33:00+00:00,,,
2025-04-11 03:34:00+00:00,,,
2025-04-11 03:35:00+00:00,127.0,375.0,0.0
2025-04-11 03:36:00+00:00,,,
2025-04-11 03:37:00+00:00,,,
2025-04-11 03:38:00+00:00,,,
2025-04-11 03:39:00+00:00,,,
2025-04-11 03:40:00+00:00,119.0,431.0,0.0
2025-04-11 03:41:00+00:00,,,
2025-04-11 03:42:00+00:00,,,
2025-04-11 03:43:00+00:00,,,
2025-04-11 03:44:00+00:00,,,
2025-04-11 03:45:00+00:00,176.0,830.0,0.0
2025-04-11 03:46:00+00:00,,,
2025-04-11 03:47:00+00:00,,,
2025-04-11 03:48:00+00:00,,,
2025-04-11 03:49:00+00:00,,,
2025-04-11 03:50:00+00:00,104.0,380.0,0.0
2025-04-11 03:51:00+00:00,,,
2025-04-11 03:52:00+00:00,,,
2025-04-11 03:53:00+00:00,,,
2025-04-11 03:54:00+00:00,,,
2025-04-11 03:55:00+00:00,76.0,846.0,0.0
2025-04-11 03:56:00+00:00,,,
2025-04-11 03:57:00+00:00,,,
2025-04-11 03:58:00+00:00,,,
2025-04-11 03:59:00+00:00,,,
2025-04-11 04:00:00+00:00,79.0,919.0,0.0
2025-04-11 04:01:00+00:00,,,
2025-04-11 04:02:00+00:00,,,
2025-04-11 04:03:00+00:00,,,
2025-04-11 04:04:00+00:00,,,
2025-04-11 04:05:00+00:00,70.0,571.0,0.0
2025-04-11 04:06:00+00:00,,,
2025-04-11 04:07:00+00:00,,,
2025-04-11 04:08:00+00:00,,,
2025-04-11 04:09:00+00:00,,,
2025-04-11 04:10:00+00:00,123.0,596.0,0.0
2025-04-11 04:11:00+00:00,,,
2025-04-11 04:12:00+00:00,,,
2025-04-11 04:13:00+00:00,,,
2025-04-11 04:14:00+00:00,,,
2025-04-11 04:15:00+00:00,98.0,361.0,0.0
2025-04-11 04:16:00+00:00,,,
2025-04-11 04:17:00+00:00,,,
2025-04-11 04:18:00+00:00,,,
2025-04-11 04:19:00+00:00,,,
2025-04-11 04:20:00+00:00,103.0,626.0,0.0
2025-04-11 04:21:00+00:00,,,
2025-04-11 04:22:00+00:00,,,
2025-04-11 04:23:00+00:00,,,
2025-04-11 04:24:00+00:00,,,
2025-04-11 04:25:00+00:00,125.0,547.0,0.0
2025-04-11 04:26:00+00:00,,,
2025-04-11 04:27:00+00:00,,,
2025-04-11 04:28:00+00:00,,,
2025-04-11 04:29:00+00:00,,,
2025-04-11 04:30:00+00:00,72.0,930.0,0.0
2025-04-11 04:31:00+00:00,,,
2025-04-11 04:32:00+00:00,,,
2025-04-11 04:33:00+00:00,,,
2025-04-11 04:34:00+00:00,,,
2025-04-11 04:35:00+00:00,164.0,620.0,0.0
2025-04-11 04:36:00+00:00,,,
2025-04-11 04:37:00+00:00,,,
2025-04-11 04:38:00+00:00,,,
2025-04-11 04:39:00+00:00,,,
2025-04-11 04:40:00+00:00,119.0,323.0,0.0
2025-04-11 04:41:00+00:00,,,
2025-04-11 04:42:00+00:00,,,
2025-04-11 04:43:00+00:00,,,
2025-04-11 04:44:00+00:00,,,
2025-04-11 04:45:00+00:00,87.0,351.0,0.0
2025-04-11 04:46:00+00:00,,,
2025-04-11 04:47:00+00:00,,,
2025-04-11 04:48:00+00:00,,,
2025-04-11 04:49:00+00:00,,,
2025-04-11 04:50:00+00:00,96.0,741.0,0.0
2025-04-11 04:51:00+00:00,,,
2025-04-11 04:52:00+00:00,,,
2025-04-11 04:53:00+00:00,,,
2025-04-11 04:54:00+00:00,,,
2025-04-11 04:55:00+00:00,106.0,883.0,0.0
2025-04-11 04:56:00+00:00,,,
2025-04-11 04:57:00+00:00,,,
2025-04-11 04:58:00+00:00,,,
2025-04-11 04:59:00+00:00,,,
2025-04-11 05:00:00+00:00,124.0,938.0,0.0
2025-04-11 05:01:00+00:00,,,
2025-04-11 05:02:00+00:00,,,
2025-04-11 05:03:00+00:00,,,
2025-04-11 05:04:00+00:00,,,
2025-04-11 05:05:00+00:00,161.0,447.0,0.0
2025-04-11 05:06:00+00:00,,,
2025-04-11 05:07:00+00:00,,,
2025-04-11 05:08:00+00:00,,,
2025-04-11 05:09:00+00:00,,,
2025-04-11 05:10:00+00:00,65.0,641.0,0.0
2025-04-11 05:11:00+00:00,,,
2025-04-11 05:12:00+00:00,,,
2025-04-11 05:13:00+00:00,,,
2025-04-11 05:14:00+00:00,,,
2025-04-11 05:15:00+00:00,77.0,466.0,0.0
2025-04-11 05:16:00+00:00,,,
2025-04-11 05:17:00+00:00,,,
2025-04-11 05:18:00+00:00,,,
2025-04-11 05:19:00+00:00,,,
2025-04-11 05:20:00+00:00,135.0,845.0,0.0
2025-04-11 05:21:00+00:00,,,
2025-04-11 05:22:00+00:00,,,
2025-04-11 05:23:00+00:00,,,
2025-04-11 05:24:00+00:00,,,
2025-04-11 05:25:00+00:00,107.0,897.0,0.0
2025-04-11 05:26:00+00:00,,,
2025-04-11 05:27:00+00:00,,,
2025-04-11 05:28:00+00:00,,,
2025-04-11 05:29:00+00:00,,,
2025-04-11 05:30:00+00:00,136.0,892.0,0.0
2025-04-11 05:31:00+00:00,,,
2025-04-11 05:32:00+00:00,,,
2025-04-11 05:33:00+00:00,,,
2025-04-11 05:34:00+00:00,,,
2025-04-11 05:35:00+00:00,127.0,451.0,0.0
2025-04-11 05:36:00+00:00,,,
2025-04-11 05:37:00+00:00,,,
2025-04-11 05:38:00+00:00,,,
2025-04-11 05:39:00+00:00,,,
2025-04-11 05:40:00+00:00,84.0,728.0,0.0
2025-04-11 05:41:00+00:00,,,
2025-04-11 05:42:00+00:00,,,
2025-04-11 05:43:00+00:00,,,
2025-04-11 05:44:00+00:00,,,
2025-04-11 05:45:00+00:00,159.0,363.0,0.0
2025-04-11 05:46:00+00:00,,,
2025-04-11 05:47:00+00:00,,,
2025-04-11 05:48:00+00:00,,,
2025-04-11 05:49:00+00:00,,,
2025-04-11 05:50:00+00:00,127.0,770.0,0.0
2025-04-11 05:51:00+00:00,,,
2025-04-11 05:52:00+00:00,,,
2025-04-11 05:53:00+00:00,,,
2025-04-11 05:54:00+00:00,,,
2025-04-11 05:55:00+00:00,138.0,585.0,0.0
2025-04-11 05:56:00+00:00,,,
2025-04-11 05:57:00+00:00,,,
2025-04-11 05:58:00+00:00,,,
2025-04-11 05:59:00+00:00,,,
2025-04-11 06:00:00+00:00,158.0,800.0,0.0
2025-04-11 06:01:00+00:00,,,
2025-04-11 06:02:00+00:00,,,
2025-04-11 06:03:00+00:00,,,
2025-04-11 06:04:00+00:00,,,
2025-04-11 06:05:00+00:00,96.0,856.0,0.0
2025-04-11 06:06:00+00:00,,,
2025-04-11 06:07:00+00:00,,,
2025-04-11 06:08:00+00:00,,,
2025-04-11 06:09:00+00:00,,,
2025-04-11 06:10:00+00:00,158.0,343.0,0.0
2025-04-11 06:11:00+00:00,,,
2025-04-11 06:12:00+00:00,,,
2025-04-11 06:13:00+00:00,,,
2025-04-11 06:14:00+00:00,,,
2025-04-11 06:15:00+00:00,143.0,506.0,0.0
2025-04-11 06:16:00+00:00,,,
2025-04-11 06:17:00+00:00,,,
2025-04-11 06:18:00+00:00,,,
2025-04-11 06:19:00+00:00,,,
2025-04-11 06:20:00+00:00,73.0,548.0,0.0
2025-04-11 06:21:00+00:00,,,
2025-04-11 06:22:00+00:00,,,
2025-04-11 06:23:00+00:00,,,
2025-04-11 06:24:00+00:00,,,
2025-04-11 06:25:00+00:00,66.0,783.0,0.0
2025-04-11 06:26:00+00:00,,,
2025-04-11 06:27:00+00:00,,,
2025-04-11 06:28:00+00:00,,,
2025-04-11 06:29:00+00:00,,,
2025-04-11 06:30:00+00:00,178.0,787.0,0.0
2025-04-11 06:31:00+00:00,,,
2025-04-11 06:32:00+00:00,,,
2025-04-11 06:33:00+00:00,,,
2025-04-11 06:34:00+00:00,,,
2025-04-11 06:35:00+00:00,101.0,391.0,0.0
2025-04-11 06:36:00+00:00,,,
2025-04-11 06:37:00+00:00,,,
2025-04-11 06:38:00+00:00,,,
2025-04-11 06:39:00+00:00,,,
2025-04-11 06:40:00+00:00,176.0,480.0,0.0
2025-04-11 06:41:00+00:00,,,
2025-04-11 06:42:00+00:00,,,
2025-04-11 06:43:00+00:00,,,
2025-04-11 06:44:00+00:00,,,
2025-04-11 06:45:00+00:00,83.0,309.0,0.0
2025-04-11 06:46:00+00:00,,,
2025-04-11 06:47:00+00:00,,,
2025-04-11 06:48:00+00:00,,,
2025-04-11 06:49:00+00:00,,,
2025-04-11 06:50:00+00:00,96.0,836.0,0.0
2025-04-11 06:51:00+00:00,,,
2025-04-11 06:52:00+00:00,,,
2025-04-11 06:53:00+00:00,,,
2025-04-11 06:54:00+00:00,,,
2025-04-11 06:55:00+00:00,119.0,638.0,0.0
2025-04-11 06:56:00+00:00,,,
2025-04-11 06:57:00+00:00,,,
2025-04-11 06:58:00+00:00,,,
2025-04-11 06:59:00+00:00,,,
2025-04-11 07:00:00+00:00,61.0,881.0,0.0
2025-04-11 07:01:00+00:00,,,
2025-04-11 07:02:00+00:00,,,
2025-04-11 07:03:00+00:00,,,
2025-04-11 07:04:00+00:00,,,
2025-04-11 07:05:00+00:00,165.0,388.0,0.0
2025-04-11 07:06:00+00:00,,,
2025-04-11 07:07:00+00:00,,,
2025-04-11 07:08:00+00:00,,,
2025-04-11 07:09:00+00:00,,,
2025-04-11 07:10:00+00:00,121.0,567.0,0.0
2025-04-11 07:11:00+00:00,,,
2025-04-11 07:12:00+00:00,,,
2025-04-11 07:13:00+00:00,,,
2025-04-11 07:14:00+00:00,,,
2025-04-11 07:15:00+00:00,98.0,567.0,0.0
2025-04-11 07:16:00+00:00,,,
2025-04-11 07:17:00+00:00,,,
2025-04-11 07:18:00+00:00,,,
2025-04-11 07:19:00+00:00,,,
2025-04-11 07:20:00+00:00,119.0,814.0,0.0
2025-04-11 07:21:00+00:00,,,
2025-04-11 07:22:00+00:00,,,
2025-04-11 07:23:00+00:00,,,
2025-04-11 07:24:00+00:00,,,
2025-04-11 07:25:00+00:00,107.0,436.0,0.0
2025-04-11 07:26:00+00:00,,,
2025-04-11 07:27:00+00:00,,,
2025-04-11 07:28:00+00:00,,,
2025-04-11 07:29:00+00:00,,,
2025-04-11 07:30:00+00:00,107.0,850.0,0.0
2025-04-11 07:31:00+00:00,,,
2025-04-11 07:32:00+00:00,,,
2025-04-11 07:33:00+00:00,,,
2025-04-11 07:34:00+00:00,,,
2025-04-11 07:35:00+00:00,171.0,757.0,0.0
2025-04-11 07:36:00+00:00,,,
2025-04-11 07:37:00+00:00,,,
2025-04-11 07:38:00+00:00,,,
2025-04-11 07:39:00+00:00,,,
2025-04-11 07:40:00+00:00,166.0,886.0,0.0
2025-04-11 07:41:00+00:00,,,
2025-04-11 07:42:00+00:00,,,
2025-04-11 07:43:00+00:00,,,
2025-04-11 07:44:00+00:00,,,
2025-04-11 07:45:00+00:00,74.0,897.0,0.0
2025-04-11 07:46:00+00:00,,,
2025-04-11 07:47:00+00:00,,,
2025-04-11 07:48:00+00:00,,,
2025-04-11 07:49:00+00:00,,,
2025-04-11 07:50:00+00:00,118.0,767.0,0.0
2025-04-11 07:51:00+00:00,,,
2025-04-11 07:52:00+00:00,,,
2025-04-11 07:53:00+00:00,,,
2025-04-11 07:54:00+00:00,,,
2025-04-11 07:55:00+00:00,152.0,303.0,0.0
2025-04-11 07:56:00+00:00,,,
2025-04-11 07:57:00+00:00,,,
2025-04-11 07:58:00+00:00,,,
2025-04-11 07:59:00+00:00,,,
2025-04-11 08:00:00+00:00,149.0,370.0,0.0
2025-04-11 08:01:00+00:00,,,
2025-04-11 08:02:00+00:00,,,
2025-04-11 08:03:00+00:00,,,
2025-04-11 08:04:00+00:00,,,
2025-04-11 08:05:00+00:00,158.0,683.0,0.0
2025-04-11 08:06:00+00:00,,,
2025-04-11 08:07:00+00:00,,,
2025-04-11 08:08:00+00:00,,,
2025-04-11 08:09:00+00:00,,,
2025-04-11 08:10:00+00:00,108.0,969.0,0.0
2025-04-11 08:11:00+00:00,,,
2025-04-11 08:12:00+00:00,,,
2025-04-11 08:13:00+00:00,,,
2025-04-11 08:14:00+00:00,,,
2025-04-11 08:15:00+00:00,127.0,323.0,0.0
2025-04-11 08:16:00+00:00,,,
2025-04-11 08:17:00+00:00,,,
2025-04-11 08:18:00+00:00,,,
2025-04-11 08:19:00+00:00,,,
2025-04-11 08:20:00+00:00,128.0,771.0,0.0
2025-04-11 08:21:00+00:00,,,
2025-04-11 08:22:00+00:00,,,
2025-04-11 08:23:00+00:00,,,
2025-04-11 08:24:00+00:00,,,
2025-04-11 08:25:00+00:00,64.0,316.0,0.0
2025-04-11 08:26:00+00:00,,,
2025-04-11 08:27:00+00:00,,,
2025-04-11 08:28:00+00:00,,,
2025-04-11 08:29:00+00:00,,,
2025-04-11 08:30:00+00:00,117.0,345.0,0.0
2025-04-11 08:31:00+00:00,,,
2025-04-11 08:32:00+00:00,,,
2025-04-11 08:33:00+00:00,,,
2025-04-11 08:34:00+00:00,,,
2025-04-11 08:35:00+00:00,77.0,889.0,0.0
2025-04-11 08:36:00+00:00,,,
2025-04-11 08:37:00+00:00,,,
2025-04-11 08:38:00+00:00,,,
2025-04-11 08:39:00+00:00,,,
2025-04-11 08:40:00+00:00,90.0,833.0,0.0
2025-04-11 08:41:00+00:00,,,
2025-04-11 08:42:00+00:00,,,
2025-04-11 08:43:00+00:00,,,
2025-04-11 08:44:00+00:00,,,
2025-04-11 08:45:00+00:00,135.0,995.0,0.0
2025-04-11 08:46:00+00:00,,,
2025-04-11 08:47:00+00:00,,,
2025-04-11 08:48:00+00:00,,,
2025-04-11 08:49:00+00:00,,,
2025-04-11 08:50:00+00:00,180.0,626.0,0.0
2025-04-11 08:51:00+00:00,,,
2025-04-11 08:52:00+00:00,,,
2025-04-11 08:53:00+00:00,,,
2025-04-11 08:54:00+00:00,,,
2025-04-11 08:55:00+00:00,156.0,530.0,0.0
2025-04-11 08:56:00+00:00,,,
2025-04-11 08:57:00+00:00,,,
2025-04-11 08:58:00+00:00,,,
2025-04-11 08:59:00+00:00,,,
2025-04-11 09:00:00+00:00,177.0,726.0,0.0
2025-04-11 09:01:00+00:00,,,
2025-04-11 09:02:00+00:00,,,
2025-04-11 09:03:00+00:00,,,
2025-04-11 09:04:00+00:00,,,
2025-04-11 09:05:00+00:00,142.0,394.0,0.0
2025-04-11 09:06:00+00:00,,,
2025-04-11 09:07:00+00:00,,,
2025-04-11 09:08:00+00:00,,,
2025-04-11 09:09:00+00:00,,,
2025-04-11 09:10:00+00:00,137.0,901.0,0.0
2025-04-11 09:11:00+00:00,,,
2025-04-11 09:12:00+00:00,,,
2025-04-11 09:13:00+00:00,,,
2025-04-11 09:14:00+00:00,,,
2025-04-11 09:15:00+00:00,98.0,494.0,0.0
2025-04-11 09:16:00+00:00,,,
2025-04-11 09:17:00+00:00,,,
2025-04-11 09:18:00+00:00,,,
2025-04-11 09:19:00+00:00,,,
2025-04-11 09:20:00+00:00,149.0,545.0,0.0
2025-04-11 09:21:00+00:00,,,
2025-04-11 09:22:00+00:00,,,
2025-04-11 09:23:00+00:00,,,
2025-04-11 09:24:00+00:00,,,
2025-04-11 09:25:00+00:00,143.0,668.0,0.0
2025-04-11 09:26:00+00:00,,,
2025-04-11 09:27:00+00:00,,,
2025-04-11 09:28:00+00:00,,,
2025-04-11 09:29:00+00:00,,,
2025-04-11 09:30:00+00:00,157.0,679.0,0.0
2025-04-11 09:31:00+00:00,,,
2025-04-11 09:32:00+00:00,,,
2025-04-11 09:33:00+00:00,,,
2025-04-11 09:34:00+00:00,,,
2025-04-11 09:35:00+00:00,154.0,866.0,0.0
2025-04-11 09:36:00+00:00,,,
2025-04-11 09:37:00+00:00,,,
2025-04-11 09:38:00+00:00,,,
2025-04-11 09:39:00+00:00,,,
2025-04-11 09:40:00+00:00,108.0,863.0,0.0
2025-04-11 09:41:00+00:00,,,
2025-04-11 09:42:00+00:00,,,
2025-04-11 09:43:00+00:00,,,
2025-04-11 09:44:00+00:00,,,
2025-04-11 09:45:00+00:00,118.0,443.0,0.0
2025-04-11 09:46:00+00:00,,,
2025-04-11 09:47:00+00:00,,,
2025-04-11 09:48:00+00:00,,,
2025-04-11 09:49:00+00:00,,,
2025-04-11 09:50:00+00:00,127.0,349.0,0.0
2025-04-11 09:51:00+00:00,,,
2025-04-11 09:52:00+00:00,,,
2025-04-11 09:53:00+00:00,,,
2025-04-11 09:54:00+00:00,,,
2025-04-11 09:55:00+00:00,68.0,523.0,0.0
2025-04-11 09:56:00+00:00,,,
2025-04-11 09:57:00+00:00,,,
2025-04-11 09:58:00+00:00,,,
2025-04-11 09:59:00+00:00,,,
2025-04-11 10:00:00+00:00,176.0,306.0,0.0
2025-04-11 10:01:00+00:00,,,
2025-04-11 10:02:00+00:00,,,
2025-04-11 10:03:00+00:00,,,
2025-04-11 10:04:00+00:00,,,
2025-04-11 10:05:00+00:00,128.0,990.0,0.0
2025-04-11 10:06:00+00:00,,,
2025-04-11 10:07:00+00:00,,,
2025-04-11 10:08:00+00:00,,,
2025-04-11 10:09:00+00:00,,,
2025-04-11 10:10:00+00:00,177.0,546.0,0.0
2025-04-11 10:11:00+00:00,,,
2025-04-11 10:12:00+00:00,,,
2025-04-11 10:13:00+00:00,,,
2025-04-11 10:14:00+00:00,,,
2025-04-11 10:15:00+00:00,94.0,682.0,0.0
2025-04-11 10:16:00+00:00,,,
2025-04-11 10:17:00+00:00,,,
2025-04-11 10:18:00+00:00,,,
2025-04-11 10:19:00+00:00,,,
2025-04-11 10:20:00+00:00,98.0,965.0,0.0
2025-04-11 10:21:00+00:00,,,
2025-04-11 10:22:00+00:00,,,
2025-04-11 10:23:00+00:00,,,
2025-04-11 10:24:00+00:00,,,
2025-04-11 10:25:00+00:00,120.0,475.0,0.0
2025-04-11 10:26:00+00:00,,,
2025-04-11 10:27:00+00:00,,,
2025-04-11 10:28:00+00:00,,,
2025-04-11 10:29:00+00:00,,,
2025-04-11 10:30:00+00:00,132.0,343.0,0.0
2025-04-11 10:31:00+00:00,,,
2025-04-11 10:32:00+00:00,,,
2025-04-11 10:33:00+00:00,,,
2025-04-11 10:34:00+00:00,,,
2025-04-11 10:35:00+00:00,120.0,1000.0,0.0
2025-04-11 10:36:00+00:00,,,
2025-04-11 10:37:00+00:00,,,
2025-04-11 10:38:00+00:00,,,
2025-04-11 10:39:00+00:00,,,
2025-04-11 10:40:00+00:00,82.0,512.0,0.0
2025-04-11 10:41:00+00:00,,,
2025-04-11 10:42:00+00:00,,,
2025-04-11 10:43:00+00:00,,,
2025-04-11 10:44:00+00:00,,,
2025-04-11 10:45:00+00:00,178.0,877.0,0.0
2025-04-11 10:46:00+00:00,,,
2025-04-11 10:47:00+00:00,,,
2025-04-11 10:48:00+00:00,,,
2025-04-11 10:49:00+00:00,,,
2025-04-11 10:50:00+00:00,102.0,380.0,0.0
2025-04-11 10:51:00+00:00,,,
2025-04-11 10:52:00+00:00,,,
2025-04-11 10:53:00+00:00,,,
2025-04-11 10:54:00+00:00,,,
2025-04-11 10:55:00+00:00,103.0,706.0,0.0
2025-04-11 10:56:00+00:00,,,
2025-04-11 10:57:00+00:00,,,
2025-04-11 10:58:00+00:00,,,
2025-04-11 10:59:00+00:00,,,
2025-04-11 11:00:00+00:00,122.0,684.0,0.0
2025-04-11 11:01:00+00:00,,,
2025-04-11 11:02:00+00:00,,,
2025-04-11 11:03:00+00:00,,,
2025-04-11 11:04:00+00:00,,,
2025-04-11 11:05:00+00:00,70.0,552.0,0.0
2025-04-11 11:06:00+00:00,,,
2025-04-11 11:07:00+00:00,,,
2025-04-11 11:08:00+00:00,,,
2025-04-11 11:09:00+00:00,,,
2025-04-11 11:10:00+00:00,154.0,409.0,0.0
2025-04-11 11:11:00+00:00,,,
2025-04-11 11:12:00+00:00,,,
2025-04-11 11:13:00+00:00,,,
2025-04-11 11:14:00+00:00,,,
2025-04-11 11:15:00+00:00,157.0,389.0,0.0
2025-04-11 11:16:00+00:00,,,
2025-04-11 11:17:00+00:00,,,
2025-04-11 11:18:00+00:00,,,
2025-04-11 11:19:00+00:00,,,
2025-04-11 11:20:00+00:00,112.0,662.0,0.0
2025-04-11 11:21:00+00:00,,,
2025-04-11 11:22:00+00:00,,,
2025-04-11 11:23:00+00:00,,,
2025-04-11 11:24:00+00:00,,,
2025-04-11 11:25:00+00:00,61.0,386.0,0.0
2025-04-11 11:26:00+00:00,,,
2025-04-11 11:27:00+00:00,,,
2025-04-11 11:28:00+00:00,,,
2025-04-11 11:29:00+00:00,,,
2025-04-11 11:30:00+00:00,81.0,574.0,0.0
2025-04-11 11:31:00+00:00,,,
2025-04-11 11:32:00+00:00,,,
2025-04-11 11:33:00+00:00,,,
2025-04-11 11:34:00+00:00,,,
2025-04-11 11:35:00+00:00,113.0,669.0,0.0
2025-04-11 11:36:00+00:00,,,
2025-04-11 11:37:00+00:00,,,
2025-04-11 11:38:00+00:00,,,
2025-04-11 11:39:00+00:00,,,
2025-04-11 11:40:00+00:00,136.0,409.0,0.0
2025-04-11 11:41:00+00:00,,,
2025-04-11 11:42:00+00:00,,,
2025-04-11 11:43:00+00:00,,,
2025-04-11 11:44:00+00:00,,,
2025-04-11 11:45:00+00:00,167.0,750.0,0.0
2025-04-11 11:46:00+00:00,,,
2025-04-11 11:47:00+00:00,,,
2025-04-11 11:48:00+00:00,,,
2025-04-11 11:49:00+00:00,,,
2025-04-11 11:50:00+00:00,77.0,505.0,0.0
2025-04-11 11:51:00+00:00,,,
2025-04-11 11:52:00+00:00,,,
2025-04-11 11:53:00+00:00,,,
2025-04-11 11:54:00+00:00,,,
2025-04-11 11:55:00+00:00,97.0,889.0,0.0
2025-04-11 11:56:00+00:00,,,
2025-04-11 11:57:00+00:00,,,
2025-04-11 11:58:00+00:00,,,
2025-04-11 11:59:00+00:00,,,
2025-04-11 12:00:00+00:00,106.0,906.0,0.0
2025-04-11 12:01:00+00:00,,,
2025-04-11 12:02:00+00:00,,,
2025-04-11 12:03:00+00:00,,,
2025-04-11 12:04:00+00:00,,,
2025-04-11 12:05:00+00:00,180.0,598.0,0.0
2025-04-11 12:06:00+00:00,,,
2025-04-11 12:07:00+00:00,,,
2025-04-11 12:08:00+00:00,,,
2025-04-11 12:09:00+00:00,,,
2025-04-11 12:10:00+00:00,146.0,610.0,0.0
2025-04-11 12:11:00+00:00,,,
2025-04-11 12:12:00+00:00,,,
2025-04-11 12:13:00+00:00,,,
2025-04-11 12:14:00+00:00,,,
2025-04-11 12:15:00+00:00,161.0,912.0,0.0
2025-04-11 12:16:00+00:00,,,
2025-04-11 12:17:00+00:00,,,
2025-04-11 12:18:00+00:00,,,
2025-04-11 12:19:00+00:00,,,
2025-04-11 12:20:00+00:00,129.0,849.0,0.0
2025-04-11 12:21:00+00:00,,,
2025-04-11 12:22:00+00:00,,,
2025-04-11 12:23:00+00:00,,,
2025-04-11 12:24:00+00:00,,,
2025-04-11 12:25:00+00:00,81.0,876.0,0.0
2025-04-11 12:26:00+00:00,,,
2025-04-11 12:27:00+00:00,,,
2025-04-11 12:28:00+00:00,,,
2025-04-11 12:29:00+00:00,,,
2025-04-11 12:30:00+00:00,73.0,527.0,0.0
2025-04-11 12:31:00+00:00,,,
2025-04-11 12:32:00+00:00,,,
2025-04-11 12:33:00+00:00,,,
2025-04-11 12:34:00+00:00,,,
2025-04-11 12:35:00+00:00,148.0,325.0,0.0
2025-04-11 12:36:00+00:00,,,
2025-04-11 12:37:00+00:00,,,
2025-04-11 12:38:00+00:00,,,
2025-04-11 12:39:00+00:00,,,
2025-04-11 12:40:00+00:00,74.0,619.0,0.0
2025-04-11 12:41:00+00:00,,,
2025-04-11 12:42:00+00:00,,,
2025-04-11 12:43:00+00:00,,,
2025-04-11 12:44:00+00:00,,,
2025-04-11 12:45:00+00:00,104.0,763.0,0.0
2025-04-11 12:46:00+00:00,,,
2025-04-11 12:47:00+00:00,,,
2025-04-11 12:48:00+00:00,,,
2025-04-11 12:49:00+00:00,,,
2025-04-11 12:50:00+00:00,62.0,411.0,0.0
2025-04-11 12:51:00+00:00,,,
2025-04-11 12:52:00+00:00,,,
2025-04-11 12:53:00+00:00,,,
2025-04-11 12:54:00+00:00,,,
2025-04-11 12:55:00+00:00,82.0,873.0,0.0
2025-04-11 12:56:00+00:00,,,
2025-04-11 12:57:00+00:00,,,
2025-04-11 12:58:00+00:00,,,
2025-04-11 12:59:00+00:00,,,
2025-04-11 13:00:00+00:00,140.0,973.0,0.0
2025-04-11 13:01:00+00:00,,,
2025-04-11 13:02:00+00:00,,,
2025-04-11 13:03:00+00:00,,,
2025-04-11 13:04:00+00:00,,,
2025-04-11 13:05:00+00:00,117.0,304.0,0.0
2025-04-11 13:06:00+00:00,,,
2025-04-11 13:07:00+00:00,,,
2025-04-11 13:08:00+00:00,,,
2025-04-11 13:09:00+00:00,,,
2025-04-11 13:10:00+00:00,133.0,674.0,0.0
2025-04-11 13:11:00+00:00,,,
2025-04-11 13:12:00+00:00,,,
2025-04-11 13:13:00+00:00,,,
2025-04-11 13:14:00+00:00,,,
2025-04-11 13:15:00+00:00,127.0,911.0,0.0
2025-04-11 13:16:00+00:00,,,
2025-04-11 13:17:00+00:00,,,
2025-04-11 13:18:00+00:00,,,
2025-04-11 13:19:00+00:00,,,
2025-04-11 13:20:00+00:00,105.0,476.0,0.0
2025-04-11 13:21:00+00:00,,,
2025-04-11 13:22:00+00:00,,,
2025-04-11 13:23:00+00:00,,,
2025-04-11 13:24:00+00:00,,,
2025-04-11 13:25:00+00:00,100.0,419.0,0.0
2025-04-11 13:26:00+00:00,,,
2025-04-11 13:27:00+00:00,,,
2025-04-11 13:28:00+00:00,,,
2025-04-11 13:29:00+00:00,,,
2025-04-11 13:30:00+00:00,113.0,692.0,0.0
2025-04-11 13:31:00+00:00,,,
2025-04-11 13:32:00+00:00,,,
2025-04-11 13:33:00+00:00,,,
2025-04-11 13:34:00+00:00,,,
2025-04-11 13:35:00+00:00,131.0,443.0,0.0
2025-04-11 13:36:00+00:00,,,
2025-04-11 13:37:00+00:00,,,
2025-04-11 13:38:00+00:00,,,
2025-04-11 13:39:00+00:00,,,
2025-04-11 13:40:00+00:00,170.0,439.0,0.0
2025-04-11 13:41:00+00:00,,,
2025-04-11 13:42:00+00:00,,,
2025-04-11 13:43:00+00:00,,,
2025-04-11 13:44:00+00:00,,,
2025-04-11 13:45:00+00:00,143.0,803.0,0.0
2025-04-11 13:46:00+00:00,,,
2025-04-11 13:47:00+00:00,,,
2025-04-11 13:48:00+00:00,,,
2025-04-11 13:49:00+00:00,,,
2025-04-11 13:50:00+00:00,70.0,599.0,0.0
2025-04-11 13:51:00+00:00,,,
2025-04-11 13:52:00+00:00,,,
2025-04-11 13:53:00+00:00,,,
2025-04-11 13:54:00+00:00,,,
2025-04-11 13:55:00+00:00,159.0,807.0,0.0
2025-04-11 13:56:00+00:00,,,
2025-04-11 13:57:00+00:00,,,
2025-04-11 13:58:00+00:00,,,
2025-04-11 13:59:00+00:00,,,
2025-04-11 14:00:00+00:00,165.0,751.0,0.0
2025-04-11 14:01:00+00:00,,,
2025-04-11 14:02:00+00:00,,,
2025-04-11 14:03:00+00:00,,,
2025-04-11 14:04:00+00:00,,,
2025-04-11 14:05:00+00:00,98.0,569.0,0.0
2025-04-11 14:06:00+00:00,,,
2025-04-11 14:07:00+00:00,,,
2025-04-11 14:08:00+00:00,,,
2025-04-11 14:09:00+00:00,,,
2025-04-11 14:10:00+00:00,159.0,902.0,0.0
2025-04-11 14:11:00+00:00,,,
2025-04-11 14:12:00+00:00,,,
2025-04-11 14:13:00+00:00,,,
2025-04-11 14:14:00+00:00,,,
2025-04-11 14:15:00+00:00,81.0,511.0,0.0
2025-04-11 14:16:00+00:00,,,
2025-04-11 14:17:00+00:00,,,
2025-04-11 14:18:00+00:00,,,
2025-04-11 14:19:00+00:00,,,
2025-04-11 14:20:00+00:00,128.0,599.0,0.0
2025-04-11 14:21:00+00:00,,,
2025-04-11 14:22:00+00:00,,,
2025-04-11 14:23:00+00:00,,,
2025-04-11 14:24:00+00:00,,,
2025-04-11 14:25:00+00:00,175.0,721.0,0.0
2025-04-11 14:26:00+00:00,,,
2025-04-11 14:27:00+00:00,,,
2025-04-11 14:28:00+00:00,,,
2025-04-11 14:29:00+00:00,,,
2025-04-11 14:30:00+00:00,149.0,449.0,0.0
2025-04-11 14:31:00+00:00,,,
2025-04-11 14:32:00+00:00,,,
2025-04-11 14:33:00+00:00,,,
2025-04-11 14:34:00+00:00,,,
2025-04-11 14:35:00+00:00,122.0,575.0,0.0
2025-04-11 14:36:00+00:00,,,
2025-04-11 14:37:00+00:00,,,
2025-04-11 14:38:00+00:00,,,
2025-04-11 14:39:00+00:00,,,
2025-04-11 14:40:00+00:00,111.0,677.0,0.0
2025-04-11 14:41:00+00:00,,,
2025-04-11 14:42:00+00:00,,,
2025-04-11 14:43:00+00:00,,,
2025-04-11 14:44:00+00:00,,,
2025-04-11 14:45:00+00:00,171.0,769.0,0.0
2025-04-11 14:46:00+00:00,,,
2025-04-11 14:47:00+00:00,,,
2025-04-11 14:48:00+00:00,,,
2025-04-11 14:49:00+00:00,,,
2025-04-11 14:50:00+00:00,87.0,806.0,0.0
2025-04-11 14:51:00+00:00,,,
2025-04-11 14:52:00+00:00,,,
2025-04-11 14:53:00+00:00,,,
2025-04-11 14:54:00+00:00,,,
2025-04-11 14:55:00+00:00,133.0,651.0,0.0
2025-04-11 14:56:00+00:00,,,
2025-04-11 14:57:00+00:00,,,
2025-04-11 14:58:00+00:00,,,
2025-04-11 14:59:00+00:00,,,
2025-04-11 15:00:00+00:00,62.0,767.0,0.0
2025-04-11 15:01:00+00:00,,,
2025-04-11 15:02:00+00:00,,,
2025-04-11 15:03:00+00:00,,,
2025-04-11 15:04:00+00:00,,,
2025-04-11 15:05:00+00:00,172.0,580.0,0.0
2025-04-11 15:06:00+00:00,,,
2025-04-11 15:07:00+00:00,,,
2025-04-11 15:08:00+00:00,,,
2025-04-11 15:09:00+00:00,,,
2025-04-11 15:10:00+00:00,145.0,353.0,0.0
2025-04-11 15:11:00+00:00,,,
2025-04-11 15:12:00+00:00,,,
2025-04-11 15:13:00+00:00,,,
2025-04-11 15:14:00+00:00,,,
2025-04-11 15:15:00+00:00,114.0,397.0,0.0
2025-04-11 15:16:00+00:00,,,
2025-04-11 15:17:00+00:00,,,
2025-04-11 15:18:00+00:00,,,
2025-04-11 15:19:00+00:00,,,
2025-04-11 15:20:00+00:00,88.0,308.0,0.0
2025-04-11 15:21:00+00:00,,,
2025-04-11 15:22:00+00:00,,,
2025-04-11 15:23:00+00:00,,,
2025-04-11 15:24:00+00:00,,,
2025-04-11 15:25:00+00:00,148.0,534.0,0.0
2025-04-11 15:26:00+00:00,,,
2025-04-11 15:27:00+00:00,,,
2025-04-11 15:28:00+00:00,,,
2025-04-11 15:29:00+00:00,,,
2025-04-11 15:30:00+00:00,100.0,691.0,0.0
2025-04-11 15:31:00+00:00,,,
2025-04-11 15:32:00+00:00,,,
2025-04-11 15:33:00+00:00,,,
2025-04-11 15:34:00+00:00,,,
2025-04-11 15:35:00+00:00,127.0,965.0,0.0
2025-04-11 15:36:00+00:00,,,
2025-04-11 15:37:00+00:00,,,
2025-04-11 15:38:00+00:00,,,
2025-04-11 15:39:00+00:00,,,
2025-04-11 15:40:00+00:00,177.0,753.0,0.0
2025-04-11 15:41:00+00:00,,,
2025-04-11 15:42:00+00:00,,,
2025-04-11 15:43:00+00:00,,,
2025-04-11 15:44:00+00:00,,,
2025-04-11 15:45:00+00:00,135.0,739.0,0.0
2025-04-11 15:46:00+00:00,,,
2025-04-11 15:47:00+00:00,,,
2025-04-11 15:48:00+00:00,,,
2025-04-11 15:49:00+00:00,,,
2025-04-11 15:50:00+00:00,91.0,922.0,0.0
2025-04-11 15:51:00+00:00,,,
2025-04-11 15:52:00+00:00,,,
2025-04-11 15:53:00+00:00,,,
2025-04-11 15:54:00+00:00,,,
2025-04-11 15:55:00+00:00,86.0,493.0,0.0
2025-04-11 15:56:00+00:00,,,
2025-04-11 15:57:00+00:00,,,
2025-04-11 15:58:00+00:00,,,
2025-04-11 15:59:00+00:00,,,
2025-04-11 16:00:00+00:00,123.0,811.0,0.0
2025-04-11 16:01:00+00:00,,,
2025-04-11 16:02:00+00:00,,,
2025-04-11 16:03:00+00:00,,,
2025-04-11 16:04:00+00:00,,,
2025-04-11 16:05:00+00:00,179.0,882.0,0.0
2025-04-11 16:06:00+00:00,,,
2025-04-11 16:07:00+00:00,,,
2025-04-11 16:08:00+00:00,,,
2025-04-11 16:09:00+00:00,,,
2025-04-11 16:10:00+00:00,158.0,369.0,0.0
2025-04-11 16:11:00+00:00,,,
2025-04-11 16:12:00+00:00,,,
2025-04-11 16:13:00+00:00,,,
2025-04-11 16:14:00+00:00,,,
2025-04-11 16:15:00+00:00,161.0,943.0,0.0
2025-04-11 16:16:00+00:00,,,
2025-04-11 16:17:00+00:00,,,
2025-04-11 16:18:00+00:00,,,
2025-04-11 16:19:00+00:00,,,
2025-04-11 16:20:00+00:00,128.0,385.0,0.0
2025-04-11 16:21:00+00:00,,,
2025-04-11 16:22:00+00:00,,,
2025-04-11 16:23:00+00:00,,,
2025-04-11 16:24:00+00:00,,,
2025-04-11 16:25:00+00:00,128.0,949.0,0.0
2025-04-11 16:26:00+00:00,,,
2025-04-11 16:27:00+00:00,,,
2025-04-11 16:28:00+00:00,,,
2025-04-11 16:29:00+00:00,,,
2025-04-11 16:30:00+00:00,67.0,418.0,0.0
2025-04-11 16:31:00+00:00,,,
2025-04-11 16:32:00+00:00,,,
2025-04-11 16:33:00+00:00,,,
2025-04-11 16:34:00+00:00,,,
2025-04-11 16:35:00+00:00,75.0,311.0,0.0
2025-04-11 16:36:00+00:00,,,
2025-04-11 16:37:00+00:00,,,
2025-04-11 16:38:00+00:00,,,
2025-04-11 16:39:00+00:00,,,
2025-04-11 16:40:00+00:00,160.0,680.0,0.0
2025-04-11 16:41:00+00:00,,,
2025-04-11 16:42:00+00:00,,,
2025-04-11 16:43:00+00:00,,,
2025-04-11 16:44:00+00:00,,,
2025-04-11 16:45:00+00:00,158.0,739.0,0.0
2025-04-11 16:46:00+00:00,,,
2025-04-11 16:47:00+00:00,,,
2025-04-11 16:48:00+00:00,,,
2025-04-11 16:49:00+00:00,,,
2025-04-11 16:50:00+00:00,140.0,823.0,0.0
2025-04-11 16:51:00+00:00,,,
2025-04-11 16:52:00+00:00,,,
2025-04-11 16:53:00+00:00,,,
2025-04-11 16:54:00+00:00,,,
2025-04-11 16:55:00+00:00,107.0,887.0,0.0
2025-04-11 16:56:00+00:00,,,
2025-04-11 16:57:00+00:00,,,
2025-04-11 16:58:00+00:00,,,
2025-04-11 16:59:00+00:00,,,
2025-04-11 17:00:00+00:00,169.0,347.0,0.0
2025-04-11 17:01:00+00:00,,,
2025-04-11 17:02:00+00:00,,,
2025-04-11 17:03:00+00:00,,,
2025-04-11 17:04:00+00:00,,,
2025-04-11 17:05:00+00:00,179.0,971.0,0.0
2025-04-11 17:06:00+00:00,,,
2025-04-11 17:07:00+00:00,,,
2025-04-11 17:08:00+00:00,,,
2025-04-11 17:09:00+00:00,,,
2025-04-11 17:10:00+00:00,94.0,681.0,0.0
2025-04-11 17:11:00+00:00,,,
2025-04-11 17:12:00+00:00,,,
2025-04-11 17:13:00+00:00,,,
2025-04-11 17:14:00+00:00,,,
2025-04-11 17:15:00+00:00,88.0,710.0,0.0
2025-04-11 17:16:00+00:00,,,
2025-04-11 17:17:00+00:00,,,
2025-04-11 17:18:00+00:00,,,
2025-04-11 17:19:00+00:00,,,
2025-04-11 17:20:00+00:00,101.0,308.0,0.0
2025-04-11 17:21:00+00:00,,,
2025-04-11 17:22:00+00:00,,,
2025-04-11 17:23:00+00:00,,,
2025-04-11 17:24:00+00:00,,,
2025-04-11 17:25:00+00:00,154.0,677.0,0.0
2025-04-11 17:26:00+00:00,,,
2025-04-11 17:27:00+00:00,,,
2025-04-11 17:28:00+00:00,,,
2025-04-11 17:29:00+00:00,,,
2025-04-11 17:30:00+00:00,157.0,306.0,0.0
2025-04-11 17:31:00+00:00,,,
2025-04-11 17:32:00+00:00,,,
2025-04-11 17:33:00+00:00,,,
2025-04-11 17:34:00+00:00,,,
2025-04-11 17:35:00+00:00,102.0,614.0,0.0
2025-04-11 17:36:00+00:00,,,
2025-04-11 17:37:00+00:00,,,
2025-04-11 17:38:00+00:00,,,
2025-04-11 17:39:00+00:00,,,
2025-04-11 17:40:00+00:00,122.0,586.0,0.0
2025-04-11 17:41:00+00:00,,,
2025-04-11 17:42:00+00:00,,,
2025-04-11 17:43:00+00:00,,,
2025-04-11 17:44:00+00:00,,,
2025-04-11 17:45:00+00:00,112.0,386.0,0.0
2025-04-11 17:46:00+00:00,,,
2025-04-11 17:47:00+00:00,,,
2025-04-11 17:48:00+00:00,,,
2025-04-11 17:49:00+00:00,,,
2025-04-11 17:50:00+00:00,69.0,745.0,0.0
2025-04-11 17:51:00+00:00,,,
2025-04-11 17:52:00+00:00,,,
2025-04-11 17:53:00+00:00,,,
2025-04-11 17:54:00+00:00,,,
2025-04-11 17:55:00+00:00,178.0,634.0,0.0
2025-04-11 17:56:00+00:00,,,
2025-04-11 17:57:00+00:00,,,
2025-04-11 17:58:00+00:00,,,
2025-04-11 17:59:00+00:00,,,
2025-04-11 18:00:00+00:00,77.0,459.0,0.0
2025-04-11 18:01:00+00:00,,,
2025-04-11 18:02:00+00:00,,,
2025-04-11 18:03:00+00:00,,,
2025-04-11 18:04:00+00:00,,,
2025-04-11 18:05:00+00:00,75.0,762.0,0.0
2025-04-11 18:06:00+00:00,,,
2025-04-11 18:07:00+00:00,,,
2025-04-11 18:08:00+00:00,,,
2025-04-11 18:09:00+00:00,,,
2025-04-11 18:10:00+00:00,80.0,917.0,0.0
2025-04-11 18:11:00+00:00,,,
2025-04-11 18:12:00+00:00,,,
2025-04-11 18:13:00+00:00,,,
2025-04-11 18:14:00+00:00,,,
2025-04-11 18:15:00+00:00,71.0,705.0,0.0
2025-04-11 18:16:00+00:00,,,
2025-04-11 18:17:00+00:00,,,
2025-04-11 18:18:00+00:00,,,
2025-04-11 18:19:00+00:00,,,
2025-04-11 18:20:00+00:00,63.0,869.0,0.0
2025-04-11 18:21:00+00:00,,,
2025-04-11 18:22:00+00:00,,,
2025-04-11 18:23:00+00:00,,,
2025-04-11 18:24:00+00:00,,,
2025-04-11 18:25:00+00:00,75.0,433.0,0.0
2025-04-11 18:26:00+00:00,,,
2025-04-11 18:27:00+00:00,,,
2025-04-11 18:28:00+00:00,,,
2025-04-11 18:29:00+00:00,,,
2025-04-11 18:30:00+00:00,134.0,322.0,0.0
2025-04-11 18:31:00+00:00,,,
2025-04-11 18:32:00+00:00,,,
2025-04-11 18:33:00+00:00,,,
2025-04-11 18:34:00+00:00,,,
2025-04-11 18:35:00+00:00,71.0,343.0,0.0
2025-04-11 18:36:00+00:00,,,
2025-04-11 18:37:00+00:00,,,
2025-04-11 18:38:00+00:00,,,
2025-04-11 18:39:00+00:00,,,
2025-04-11 18:40:00+00:00,165.0,330.0,0.0
2025-04-11 18:41:00+00:00,,,
2025-04-11 18:42:00+00:00,,,
2025-04-11 18:43:00+00:00,,,
2025-04-11 18:44:00+00:00,,,
2025-04-11 18:45:00+00:00,176.0,756.0,0.0
2025-04-11 18:46:00+00:00,,,
2025-04-11 18:47:00+00:00,,,
2025-04-11 18:48:00+00:00,,,
2025-04-11 18:49:00+00:00,,,
2025-04-11 18:50:00+00:00,142.0,863.0,0.0
2025-04-11 18:51:00+00:00,,,
2025-04-11 18:52:00+00:00,,,
2025-04-11 18:53:00+00:00,,,
2025-04-11 18:54:00+00:00,,,
2025-04-11 18:55:00+00:00,113.0,555.0,0.0
2025-04-11 18:56:00+00:00,,,
2025-04-11 18:57:00+00:00,,,
2025-04-11 18:58:00+00:00,,,
2025-04-11 18:59:00+00:00,,,
2025-04-11 19:00:00+00:00,121.0,879.0,0.0
2025-04-11 19:01:00+00:00,,,
2025-04-11 19:02:00+00:00,,,
2025-04-11 19:03:00+00:00,,,
2025-04-11 19:04:00+00:00,,,
2025-04-11 19:05:00+00:00,136.0,359.0,0.0
2025-04-11 19:06:00+00:00,,,
2025-04-11 19:07:00+00:00,,,
2025-04-11 19:08:00+00:00,,,
2025-04-11 19:09:00+00:00,,,
2025-04-11 19:10:00+00:00,80.0,546.0,0.0
2025-04-11 19:11:00+00:00,,,
2025-04-11 19:12:00+00:00,,,
2025-04-11 19:13:00+00:00,,,
2025-04-11 19:14:00+00:00,,,
2025-04-11 19:15:00+00:00,157.0,697.0,0.0
2025-04-11 19:16:00+00:00,,,
2025-04-11 19:17:00+00:00,,,
2025-04-11 19:18:00+00:00,,,
2025-04-11 19:19:00+00:00,,,
2025-04-11 19:20:00+00:00,82.0,667.0,0.0
2025-04-11 19:21:00+00:00,,,
2025-04-11 19:22:00+00:00,,,
2025-04-11 19:23:00+00:00,,,
2025-04-11 19:24:00+00:00,,,
2025-04-11 19:25:00+00:00,132.0,804.0,0.0
2025-04-11 19:26:00+00:00,,,
2025-04-11 19:27:00+00:00,,,
2025-04-11 19:28:00+00:00,,,
2025-04-11 19:29:00+00:00,,,
2025-04-11 19:30:00+00:00,89.0,839.0,0.0
2025-04-11 19:31:00+00:00,,,
2025-04-11 19:32:00+00:00,,,
2025-04-11 19:33:00+00:00,,,
2025-04-11 19:34:00+00:00,,,
2025-04-11 19:35:00+00:00,163.0,481.0,0.0
2025-04-11 19:36:00+00:00,,,
2025-04-11 19:37:00+00:00,,,
2025-04-11 19:38:00+00:00,,,
2025-04-11 19:39:00+00:00,,,
2025-04-11 19:40:00+00:00,159.0,374.0,0.0
2025-04-11 19:41:00+00:00,,,
2025-04-11 19:42:00+00:00,,,
2025-04-11 19:43:00+00:00,,,
2025-04-11 19:44:00+00:00,,,
2025-04-11 19:45:00+00:00,72.0,439.0,0.0
2025-04-11 19:46:00+00:00,,,
2025-04-11 19:47:00+00:00,,,
2025-04-11 19:48:00+00:00,,,
2025-04-11 19:49:00+00:00,,,
2025-04-11 19:50:00+00:00,143.0,875.0,0.0
2025-04-11 19:51:00+00:00,,,
2025-04-11 19:52:00+00:00,,,
2025-04-11 19:53:00+00:00,,,
2025-04-11 19:54:00+00:00,,,
2025-04-11 19:55:00+00:00,108.0,481.0,0.0
2025-04-11 19:56:00+00:00,,,
2025-04-11 19:57:00+00:00,,,
2025-04-11 19:58:00+00:00,,,
2025-04-11 19:59:00+00:00,,,
2025-04-11 20:00:00+00:00,168.0,486.0,0.0
2025-04-11 20:01:00+00:00,,,
2025-04-11 20:02:00+00:00,,,
2025-04-11 20:03:00+00:00,,,
2025-04-11 20:04:00+00:00,,,
2025-04-11 20:05:00+00:00,141.0,444.0,0.0
2025-04-11 20:06:00+00:00,,,
2025-04-11 20:07:00+00:00,,,
2025-04-11 20:08:00+00:00,,,
2025-04-11 20:09:00+00:00,,,
2025-04-11 20:10:00+00:00,81.0,986.0,0.0
2025-04-11 20:11:00+00:00,,,
2025-04-11 20:12:00+00:00,,,
2025-04-11 20:13:00+00:00,,,
2025-04-11 20:14:00+00:00,,,
2025-04-11 20:15:00+00:00,148.0,410.0,0.0
2025-04-11 20:16:00+00:00,,,
2025-04-11 20:17:00+00:00,,,
2025-04-11 20:18:00+00:00,,,
2025-04-11 20:19:00+00:00,,,
2025-04-11 20:20:00+00:00,81.0,687.0,0.0
2025-04-11 20:21:00+00:00,,,
2025-04-11 20:22:00+00:00,,,
2025-04-11 20:23:00+00:00,,,
2025-04-11 20:24:00+00:00,,,
2025-04-11 20:25:00+00:00,160.0,530.0,0.0
2025-04-11 20:26:00+00:00,,,
2025-04-11 20:27:00+00:00,,,
2025-04-11 20:28:00+00:00,,,
2025-04-11 20:29:00+00:00,,,
2025-04-11 20:30:00+00:00,97.0,407.0,0.0
2025-04-11 20:31:00+00:00,,,
2025-04-11 20:32:00+00:00,,,
2025-04-11 20:33:00+00:00,,,
2025-04-11 20:34:00+00:00,,,
2025-04-11 20:35:00+00:00,153.0,646.0,0.0
2025-04-11 20:36:00+00:00,,,
2025-04-11 20:37:00+00:00,,,
2025-04-11 20:38:00+00:00,,,
2025-04-11 20:39:00+00:00,,,
2025-04-11 20:40:00+00:00,137.0,354.0,0.0
2025-04-11 20:41:00+00:00,,,
2025-04-11 20:42:00+00:00,,,
2025-04-11 20:43:00+00:00,,,
2025-04-11 20:44:00+00:00,,,
2025-04-11 20:45:00+00:00,149.0,976.0,0.0
2025-04-11 20:46:00+00:00,,,
2025-04-11 20:47:00+00:00,,,
2025-04-11 20:48:00+00:00,,,
2025-04-11 20:49:00+00:00,,,
2025-04-11 20:50:00+00:00,133.0,355.0,0.0
2025-04-11 20:51:00+00:00,,,
2025-04-11 20:52:00+00:00,,,
2025-04-11 20:53:00+00:00,,,
2025-04-11 20:54:00+00:00,,,
2025-04-11 20:55:00+00:00,121.0,511.0,0.0
2025-04-11 20:56:00+00:00,,,
2025-04-11 20:57:00+00:00,,,
2025-04-11 20:58:00+00:00,,,
2025-04-11 20:59:00+00:00,,,
2025-04-11 21:00:00+00:00,168.0,782.0,0.0
2025-04-11 21:01:00+00:00,,,
2025-04-11 21:02:00+00:00,,,
2025-04-11 21:03:00+00:00,,,
2025-04-11 21:04:00+00:00,,,
2025-04-11 21:05:00+00:00,109.0,678.0,0.0
2025-04-11 21:06:00+00:00,,,
2025-04-11 21:07:00+00:00,,,
2025-04-11 21:08:00+00:00,,,
2025-04-11 21:09:00+00:00,,,
2025-04-11 21:10:00+00:00,93.0,363.0,0.0
2025-04-11 21:11:00+00:00,,,
2025-04-11 21:12:00+00:00,,,
2025-04-11 21:13:00+00:00,,,
2025-04-11 21:14:00+00:00,,,
2025-04-11 21:15:00+00:00,145.0,903.0,0.0
2025-04-11 21:16:00+00:00,,,
2025-04-11 21:17:00+00:00,,,
2025-04-11 21:18:00+00:00,,,
2025-04-11 21:19:00+00:00,,,
2025-04-11 21:20:00+00:00,113.0,786.0,0.0
2025-04-11 21:21:00+00:00,,,
2025-04-11 21:22:00+00:00,,,
2025-04-11 21:23:00+00:00,,,
2025-04-11 21:24:00+00:00,,,
2025-04-11 21:25:00+00:00,124.0,993.0,0.0
2025-04-11 21:26:00+00:00,,,
2025-04-11 21:27:00+00:00,,,
2025-04-11 21:28:00+00:00,,,
2025-04-11 21:29:00+00:00,,,
2025-04-11 21:30:00+00:00,81.0,343.0,0.0
2025-04-11 21:31:00+00:00,,,
2025-04-11 21:32:00+00:00,,,
2025-04-11 21:33:00+00:00,,,
2025-04-11 21:34:00+00:00,,,
2025-04-11 21:35:00+00:00,165.0,564.0,0.0
2025-04-11 21:36:00+00:00,,,
2025-04-11 21:37:00+00:00,,,
2025-04-11 21:38:00+00:00,,,
2025-04-11 21:39:00+00:00,,,
2025-04-11 21:40:00+00:00,71.0,865.0,0.0
2025-04-11 21:41:00+00:00,,,
2025-04-11 21:42:00+00:00,,,
2025-04-11 21:43:00+00:00,,,
2025-04-11 21:44:00+00:00,,,
2025-04-11 21:45:00+00:00,160.0,835.0,0.0
2025-04-11 21:46:00+00:00,,,
2025-04-11 21:47:00+00:00,,,
2025-04-11 21:48:00+00:00,,,
2025-04-11 21:49:00+00:00,,,
2025-04-11 21:50:00+00:00,135.0,876.0,0.0
2025-04-11 21:51:00+00:00,,,
2025-04-11 21:52:00+00:00,,,
2025-04-11 21:53:00+00:00,,,
2025-04-11 21:54:00+00:00,,,
2025-04-11 21:55:00+00:00,172.0,970.0,0.0
2025-04-11 21:56:00+00:00,,,
2025-04-11 21:57:00+00:00,,,
2025-04-11 21:58:00+00:00,,,
2025-04-11 21:59:00+00:00,,,
2025-04-11 22:00:00+00:00,95.0,923.0,0.0
2025-04-11 22:01:00+00:00,,,
2025-04-11 22:02:00+00:00,,,
2025-04-11 22:03:00+00:00,,,
2025-04-11 22:04:00+00:00,,,
2025-04-11 22:05:00+00:00,148.0,786.0,0.0
2025-04-11 22:06:00+00:00,,,
2025-04-11 22:07:00+00:00,,,
2025-04-11 22:08:00+00:00,,,
2025-04-11 22:09:00+00:00,,,
2025-04-11 22:10:00+00:00,99.0,400.0,0.0
2025-04-11 22:11:00+00:00,,,
2025-04-11 22:12:00+00:00,,,
2025-04-11 22:13:00+00:00,,,
2025-04-11 22:14:00+00:00,,,
2025-04-11 22:15:00+00:00,159.0,726.0,0.0
2025-04-11 22:16:00+00:00,,,
2025-04-11 22:17:00+00:00,,,
2025-04-11 22:18:00+00:00,,,
2025-04-11 22:19:00+00:00,,,
2025-04-11 22:20:00+00:00,154.0,357.0,0.0
2025-04-11 22:21:00+00:00,,,
2025-04-11 22:22:00+00:00,,,
2025-04-11 22:23:00+00:00,,,
2025-04-11 22:24:00+00:00,,,
2025-04-11 22:25:00+00:00,77.0,329.0,0.0
2025-04-11 22:26:00+00:00,,,
2025-04-11 22:27:00+00:00,,,
2025-04-11 22:28:00+00:00,,,
2025-04-11 22:29:00+00:00,,,
2025-04-11 22:30:00+00:00,91.0,669.0,0.0
2025-04-11 22:31:00+00:00,,,
2025-04-11 22:32:00+00:00,,,
2025-04-11 22:33:00+00:00,,,
2025-04-11 22:34:00+00:00,,,
2025-04-11 22:35:00+00:00,110.0,331.0,0.0
2025-04-11 22:36:00+00:00,,,
2025-04-11 22:37:00+00:00,,,
2025-04-11 22:38:00+00:00,,,
2025-04-11 22:39:00+00:00,,,
2025-04-11 22:40:00+00:00,171.0,658.0,0.0
2025-04-11 22:41:00+00:00,,,
2025-04-11 22:42:00+00:00,,,
2025-04-11 22:43:00+00:00,,,
2025-04-11 22:44:00+00:00,,,
2025-04-11 22:45:00+00:00,96.0,466.0,0.0
2025-04-11 22:46:00+00:00,,,
2025-04-11 22:47:00+00:00,,,
2025-04-11 22:48:00+00:00,,,
2025-04-11 22:49:00+00:00,,,
2025-04-11 22:50:00+00:00,94.0,320.0,0.0
2025-04-11 22:51:00+00:00,,,
2025-04-11 22:52:00+00:00,,,
2025-04-11 22:53:00+00:00,,,
2025-04-11 22:54:00+00:00,,,
2025-04-11 22:55:00+00:00,136.0,558.0,0.0
2025-04-11 22:56:00+00:00,,,
2025-04-11 22:57:00+00:00,,,
2025-04-11 22:58:00+00:00,,,
2025-04-11 22:59:00+00:00,,,
2025-04-11 23:00:00+00:00,114.0,770.0,0.0
2025-04-11 23:01:00+00:00,,,
2025-04-11 23:02:00+00:00,,,
2025-04-11 23:03:00+00:00,,,
2025-04-11 23:04:00+00:00,,,
2025-04-11 23:05:00+00:00,165.0,404.0,0.0
2025-04-11 23:06:00+00:00,,,
2025-04-11 23:07:00+00:00,,,
2025-04-11 23:08:00+00:00,,,
2025-04-11 23:09:00+00:00,,,
2025-04-11 23:10:00+00:00,131.0,589.0,0.0
2025-04-11 23:11:00+00:00,,,
2025-04-11 23:12:00+00:00,,,
2025-04-11 23:13:00+00:00,,,
2025-04-11 23:14:00+00:00,,,
2025-04-11 23:15:00+00:00,95.0,567.0,0.0
2025-04-11 23:16:00+00:00,,,
2025-04-11 23:17:00+00:00,,,
2025-04-11 23:18:00+00:00,,,
2025-04-11 23:19:00+00:00,,,
2025-04-11 23:20:00+00:00,175.0,976.0,0.0
2025-04-11 23:21:00+00:00,,,
2025-04-11 23:22:00+00:00,,,
2025-04-11 23:23:00+00:00,,,
2025-04-11 23:24:00+00:00,,,
2025-04-11 23:25:00+00:00,97.0,697.0,0.0
2025-04-11 23:26:00+00:00,,,
2025-04-11 23:27:00+00:00,,,
2025-04-11 23:28:00+00:00,,,
2025-04-11 23:29:00+00:00,,,
2025-04-11 23:30:00+00:00,103.0,847.0,0.0
2025-04-11 23:31:00+00:00,,,
2025-04-11 23:32:00+00:00,,,
2025-04-11 23:33:00+00:00,,,
2025-04-11 23:34:00+00:00,,,
2025-04-11 23:35:00+00:00,98.0,871.0,0.0
2025-04-11 23:36:00+00:00,,,
2025-04-11 23:37:00+00:00,,,
2025-04-11 23:38:00+00:00,,,
2025-04-11 23:39:00+00:00,,,
2025-04-11 23:40:00+00:00,152.0,996.0,0.0
2025-04-11 23:41:00+00:00,,,
2025-04-11 23:42:00+00:00,,,
2025-04-11 23:43:00+00:00,,,
2025-04-11 23:44:00+00:00,,,
2025-04-11 23:45:00+00:00,155.0,639.0,0.0
2025-04-11 23:46:00+00:00,,,
2025-04-11 23:47:00+00:00,,,
2025-04-11 23:48:00+00:00,,,
2025-04-11 23:49:00+00:00,,,
2025-04-11 23:50:00+00:00,120.0,894.0,0.0
2025-04-11 23:51:00+00:00,,,
2025-04-11 23:52:00+00:00,,,
2025-04-11 23:53:00+00:00,,,
2025-04-11 23:54:00+00:00,,,
2025-04-11 23:55:00+00:00,171.0,605.0,0.0
2025-04-11 23:56:00+00:00,,,
2025-04-11 23:57:00+00:00,,,
2025-04-11 23:58:00+00:00,,,
2025-04-11 23:59:00+00:00,,,
2025-04-12 00:00:00+00:00,85.0,768.0,0.0
2025-04-12 00:01:00+00:00,,,
2025-04-12 00:02:00+00:00,,,
2025-04-12 00:03:00+00:00,,,
2025-04-12 00:04:00+00:00,,,
2025-04-12 00:05:00+00:00,122.0,620.0,0.0
2025-04-12 00:06:00+00:00,,,
2025-04-12 00:07:00+00:00,,,
2025-04-12 00:08:00+00:00,,,
2025-04-12 00:09:00+00:00,,,
2025-04-12 00:10:00+00:00,133.0,390.0,0.0
2025-04-12 00:11:00+00:00,,,
2025-04-12 00:12:00+00:00,,,
2025-04-12 00:13:00+00:00,,,
2025-04-12 00:14:00+00:00,,,
2025-04-12 00:15:00+00:00,114.0,304.0,0.0
2025-04-12 00:16:00+00:00,,,
2025-04-12 00:17:00+00:00,,,
2025-04-12 00:18:00+00:00,,,
2025-04-12 00:19:00+00:00,,,
2025-04-12 00:20:00+00:00,174.0,318.0,0.0
2025-04-12 00:21:00+00:00,,,
2025-04-12 00:22:00+00:00,,,
2025-04-12 00:23:00+00:00,,,
2025-04-12 00:24:00+00:00,,,
2025-04-12 00:25:00+00:00,99.0,815.0,0.0
2025-04-12 00:26:00+00:00,,,
2025-04-12 00:27:00+00:00,,,
2025-04-12 00:28:00+00:00,,,
2025-04-12 00:29:00+00:00,,,
2025-04-12 00:30:00+00:00,97.0,836.0,0.0
2025-04-12 00:31:00+00:00,,,
2025-04-12 00:32:00+00:00,,,
2025-04-12 00:33:00+00:00,,,
2025-04-12 00:34:00+00:00,,,
2025-04-12 00:35:00+00:00,103.0,492.0,0.0
2025-04-12 00:36:00+00:00,,,
2025-04-12 00:37:00+00:00,,,
2025-04-12 00:38:00+00:00,,,
2025-04-12 00:39:00+00:00,,,
2025-04-12 00:40:00+00:00,62.0,434.0,0.0
2025-04-12 00:41:00+00:00,,,
2025-04-12 00:42:00+00:00,,,
2025-04-12 00:43:00+00:00,,,
2025-04-12 00:44:00+00:00,,,
2025-04-12 00:45:00+00:00,75.0,684.0,0.0
2025-04-12 00:46:00+00:00,,,
2025-04-12 00:47:00+00:00,,,
2025-04-12 00:48:00+00:00,,,
2025-04-12 00:49:00+00:00,,,
2025-04-12 00:50:00+00:00,66.0,320.0,0.0
2025-04-12 00:51:00+00:00,,,
2025-04-12 00:52:00+00:00,,,
2025-04-12 00:53:00+00:00,,,
2025-04-12 00:54:00+00:00,,,
2025-04-12 00:55:00+00:00,75.0,456.0,0.0
2025-04-12 00:56:00+00:00,,,
2025-04-12 00:57:00+00:00,,,
2025-04-12 00:58:00+00:00,,,
2025-04-12 00:59:00+00:00,,,
2025-04-12 01:00:00+00:00,113.0,832.0,0.0
2025-04-12 01:01:00+00:00,,,
2025-04-12 01:02:00+00:00,,,
2025-04-12 01:03:00+00:00,,,
2025-04-12 01:04:00+00:00,,,
2025-04-12 01:05:00+00:00,166.0,932.0,0.0
2025-04-12 01:06:00+00:00,,,
2025-04-12 01:07:00+00:00,,,
2025-04-12 01:08:00+00:00,,,
2025-04-12 01:09:00+00:00,,,
2025-04-12 01:10:00+00:00,85.0,835.0,0.0
2025-04-12 01:11:00+00:00,,,
2025-04-12 01:12:00+00:00,,,
2025-04-12 01:13:00+00:00,,,
2025-04-12 01:14:00+00:00,,,
2025-04-12 01:15:00+00:00,65.0,792.0,0.0
2025-04-12 01:16:00+00:00,,,
2025-04-12 01:17:00+00:00,,,
2025-04-12 01:18:00+00:00,,,
2025-04-12 01:19:00+00:00,,,
2025-04-12 01:20:00+00:00,176.0,805.0,0.0
2025-04-12 01:21:00+00:00,,,
2025-04-12 01:22:00+00:00,,,
2025-04-12 01:23:00+00:00,,,
2025-04-12 01:24:00+00:00,,,
2025-04-12 01:25:00+00:00,152.0,959.0,0.0
2025-04-12 01:26:00+00:00,,,
2025-04-12 01:27:00+00:00,,,
2025-04-12 01:28:00+00:00,,,
2025-04-12 01:29:00+00:00,,,
2025-04-12 01:30:00+00:00,119.0,340.0,0.0
2025-04-12 01:31:00+00:00,,,
2025-04-12 01:32:00+00:00,,,
2025-04-12 01:33:00+00:00,,,
2025-04-12 01:34:00+00:00,,,
2025-04-12 01:35:00+00:00,154.0,309.0,0.0
2025-04-12 01:36:00+00:00,,,
2025-04-12 01:37:00+00:00,,,
2025-04-12 01:38:00+00:00,,,
2025-04-12 01:39:00+00:00,,,
2025-04-12 01:40:00+00:00,174.0,395.0,0.0
2025-04-12 01:41:00+00:00,,,
2025-04-12 01:42:00+00:00,,,
2025-04-12 01:43:00+00:00,,,
2025-04-12 01:44:00+00:00,,,
2025-04-12 01:45:00+00:00,111.0,694.0,0.0
2025-04-12 01:46:00+00:00,,,
2025-04-12 01:47:00+00:00,,,
2025-04-12 01:48:00+00:00,,,
2025-04-12 01:49:00+00:00,,,
2025-04-12 01:50:00+00:00,74.0,406.0,0.0
2025-04-12 01:51:00+00:00,,,
2025-04-12 01:52:00+00:00,,,
2025-04-12 01:53:00+00:00,,,
2025-04-12 01:54:00+00:00,,,
2025-04-12 01:55:00+00:00,146.0,688.0,0.0
2025-04-12 01:56:00+00:00,,,
2025-04-12 01:57:00+00:00,,,
2025-04-12 01:58:00+00:00,,,
2025-04-12 01:59:00+00:00,,,
2025-04-12 02:00:00+00:00,121.0,721.0,0.0
2025-04-12 02:01:00+00:00,,,
2025-04-12 02:02:00+00:00,,,
2025-04-12 02:03:00+00:00,,,
2025-04-12 02:04:00+00:00,,,
2025-04-12 02:05:00+00:00,61.0,890.0,0.0
2025-04-12 02:06:00+00:00,,,
2025-04-12 02:07:00+00:00,,,
2025-04-12 02:08:00+00:00,,,
2025-04-12 02:09:00+00:00,,,
2025-04-12 02:10:00+00:00,126.0,743.0,0.0
2025-04-12 02:11:00+00:00,,,
2025-04-12 02:12:00+00:00,,,
2025-04-12 02:13:00+00:00,,,
2025-04-12 02:14:00+00:00,,,
2025-04-12 02:15:00+00:00,79.0,355.0,0.0
2025-04-12 02:16:00+00:00,,,
2025-04-12 02:17:00+00:00,,,
2025-04-12 02:18:00+00:00,,,
2025-04-12 02:19:00+00:00,,,
2025-04-12 02:20:00+00:00,169.0,803.0,0.0
2025-04-12 02:21:00+00:00,,,
2025-04-12 02:22:00+00:00,,,
2025-04-12 02:23:00+00:00,,,
2025-04-12 02:24:00+00:00,,,
2025-04-12 02:25:00+00:00,124.0,687.0,0.0
2025-04-12 02:26:00+00:00,,,
2025-04-12 02:27:00+00:00,,,
2025-04-12 02:28:00+00:00,,,
2025-04-12 02:29:00+00:00,,,
2025-04-12 02:30:00+00:00,162.0,810.0,0.0
2025-04-12 02:31:00+00:00,,,
2025-04-12 02:32:00+00:00,,,
2025-04-12 02:33:00+00:00,,,
2025-04-12 02:34:00+00:00,,,
2025-04-12 02:35:00+00:00,73.0,870.0,0.0
